year,round,race_name,circuit_id,date,driver_id,driver_code,constructor_id,grid,finish_position,position_text,status,laps,points_f1,fastest_lap_rank
2023,1,Bahrain Grand Prix,bahrain,2023-03-05,max_verstappen,VER,red_bull,1,1,1,Finished,57,25.0,6
2023,1,Bahrain Grand Prix,bahrain,2023-03-05,perez,PER,red_bull,2,2,2,Finished,57,18.0,7
2023,1,Bahrain Grand Prix,bahrain,2023-03-05,alonso,ALO,aston_martin,5,3,3,Finished,57,15.0,5
2023,1,Bahrain Grand Prix,bahrain,2023-03-05,sainz,SAI,ferrari,4,4,4,Finished,57,12.0,14
2023,1,Bahrain Grand Prix,bahrain,2023-03-05,hamilton,HAM,mercedes,7,5,5,Finished,57,10.0,10
2023,1,Bahrain Grand Prix,bahrain,2023-03-05,stroll,STR,aston_martin,8,6,6,Finished,57,8.0,9
2023,1,Bahrain Grand Prix,bahrain,2023-03-05,russell,RUS,mercedes,6,7,7,Finished,57,6.0,17
2023,1,Bahrain Grand Prix,bahrain,2023-03-05,bottas,BOT,alfa,12,8,8,Finished,57,4.0,18
2023,1,Bahrain Grand Prix,bahrain,2023-03-05,gasly,GAS,alpine,20,9,9,Finished,57,2.0,2
2023,1,Bahrain Grand Prix,bahrain,2023-03-05,albon,ALB,williams,15,10,10,Finished,57,1.0,15
2023,1,Bahrain Grand Prix,bahrain,2023-03-05,tsunoda,TSU,alphatauri,14,11,11,Finished,57,0.0,12
2023,1,Bahrain Grand Prix,bahrain,2023-03-05,sargeant,SAR,williams,16,12,12,Lapped,56,0.0,4
2023,1,Bahrain Grand Prix,bahrain,2023-03-05,kevin_magnussen,MAG,haas,17,13,13,Lapped,56,0.0,8
2023,1,Bahrain Grand Prix,bahrain,2023-03-05,de_vries,DEV,alphatauri,19,14,14,Lapped,56,0.0,19
2023,1,Bahrain Grand Prix,bahrain,2023-03-05,hulkenberg,HUL,haas,10,15,15,Lapped,56,0.0,11
2023,1,Bahrain Grand Prix,bahrain,2023-03-05,zhou,ZHO,alfa,13,16,16,Lapped,56,0.0,1
2023,1,Bahrain Grand Prix,bahrain,2023-03-05,norris,NOR,mclaren,11,17,17,Lapped,55,0.0,3
2023,1,Bahrain Grand Prix,bahrain,2023-03-05,ocon,OCO,alpine,9,18,R,Retired,41,0.0,13
2023,1,Bahrain Grand Prix,bahrain,2023-03-05,leclerc,LEC,ferrari,3,19,R,Retired,39,0.0,16
2023,1,Bahrain Grand Prix,bahrain,2023-03-05,piastri,PIA,mclaren,18,20,R,Retired,13,0.0,20
2023,2,Saudi Arabian Grand Prix,jeddah,2023-03-19,perez,PER,red_bull,1,1,1,Finished,50,25.0,2
2023,2,Saudi Arabian Grand Prix,jeddah,2023-03-19,max_verstappen,VER,red_bull,15,2,2,Finished,50,19.0,1
2023,2,Saudi Arabian Grand Prix,jeddah,2023-03-19,alonso,ALO,aston_martin,2,3,3,Finished,50,15.0,3
2023,2,Saudi Arabian Grand Prix,jeddah,2023-03-19,russell,RUS,mercedes,3,4,4,Finished,50,12.0,4
2023,2,Saudi Arabian Grand Prix,jeddah,2023-03-19,hamilton,HAM,mercedes,7,5,5,Finished,50,10.0,6
2023,2,Saudi Arabian Grand Prix,jeddah,2023-03-19,sainz,SAI,ferrari,4,6,6,Finished,50,8.0,5
2023,2,Saudi Arabian Grand Prix,jeddah,2023-03-19,leclerc,LEC,ferrari,12,7,7,Finished,50,6.0,7
2023,2,Saudi Arabian Grand Prix,jeddah,2023-03-19,ocon,OCO,alpine,6,8,8,Finished,50,4.0,8
2023,2,Saudi Arabian Grand Prix,jeddah,2023-03-19,gasly,GAS,alpine,9,9,9,Finished,50,2.0,10
2023,2,Saudi Arabian Grand Prix,jeddah,2023-03-19,kevin_magnussen,MAG,haas,13,10,10,Finished,50,1.0,9
2023,2,Saudi Arabian Grand Prix,jeddah,2023-03-19,tsunoda,TSU,alphatauri,16,11,11,Finished,50,0.0,14
2023,2,Saudi Arabian Grand Prix,jeddah,2023-03-19,hulkenberg,HUL,haas,10,12,12,Finished,50,0.0,12
2023,2,Saudi Arabian Grand Prix,jeddah,2023-03-19,zhou,ZHO,alfa,11,13,13,Finished,50,0.0,13
2023,2,Saudi Arabian Grand Prix,jeddah,2023-03-19,de_vries,DEV,alphatauri,18,14,14,Finished,50,0.0,11
2023,2,Saudi Arabian Grand Prix,jeddah,2023-03-19,piastri,PIA,mclaren,8,15,15,Finished,50,0.0,16
2023,2,Saudi Arabian Grand Prix,jeddah,2023-03-19,sargeant,SAR,williams,20,16,16,Finished,50,0.0,18
2023,2,Saudi Arabian Grand Prix,jeddah,2023-03-19,norris,NOR,mclaren,19,17,17,Finished,50,0.0,15
2023,2,Saudi Arabian Grand Prix,jeddah,2023-03-19,bottas,BOT,alfa,14,18,18,Lapped,49,0.0,17
2023,2,Saudi Arabian Grand Prix,jeddah,2023-03-19,albon,ALB,williams,17,19,R,Retired,27,0.0,20
2023,2,Saudi Arabian Grand Prix,jeddah,2023-03-19,stroll,STR,aston_martin,5,20,R,Retired,16,0.0,19
2023,3,Australian Grand Prix,albert_park,2023-04-02,max_verstappen,VER,red_bull,1,1,1,Finished,58,25.0,2
2023,3,Australian Grand Prix,albert_park,2023-04-02,hamilton,HAM,mercedes,3,2,2,Finished,58,18.0,5
2023,3,Australian Grand Prix,albert_park,2023-04-02,alonso,ALO,aston_martin,4,3,3,Finished,58,15.0,4
2023,3,Australian Grand Prix,albert_park,2023-04-02,stroll,STR,aston_martin,6,4,4,Finished,58,12.0,6
2023,3,Australian Grand Prix,albert_park,2023-04-02,perez,PER,red_bull,20,5,5,Finished,58,11.0,1
2023,3,Australian Grand Prix,albert_park,2023-04-02,norris,NOR,mclaren,13,6,6,Finished,58,8.0,9
2023,3,Australian Grand Prix,albert_park,2023-04-02,hulkenberg,HUL,haas,10,7,7,Finished,58,6.0,8
2023,3,Australian Grand Prix,albert_park,2023-04-02,piastri,PIA,mclaren,16,8,8,Finished,58,4.0,12
2023,3,Australian Grand Prix,albert_park,2023-04-02,zhou,ZHO,alfa,17,9,9,Finished,58,2.0,16
2023,3,Australian Grand Prix,albert_park,2023-04-02,tsunoda,TSU,alphatauri,12,10,10,Finished,58,1.0,15
2023,3,Australian Grand Prix,albert_park,2023-04-02,bottas,BOT,alfa,19,11,11,Finished,58,0.0,17
2023,3,Australian Grand Prix,albert_park,2023-04-02,sainz,SAI,ferrari,5,12,12,Finished,58,0.0,3
2023,3,Australian Grand Prix,albert_park,2023-04-02,gasly,GAS,alpine,9,13,13,Retired,56,0.0,7
2023,3,Australian Grand Prix,albert_park,2023-04-02,ocon,OCO,alpine,11,14,14,Retired,56,0.0,11
2023,3,Australian Grand Prix,albert_park,2023-04-02,de_vries,DEV,alphatauri,15,15,15,Retired,56,0.0,10
2023,3,Australian Grand Prix,albert_park,2023-04-02,sargeant,SAR,williams,18,16,16,Retired,56,0.0,13
2023,3,Australian Grand Prix,albert_park,2023-04-02,kevin_magnussen,MAG,haas,14,17,17,Retired,52,0.0,14
2023,3,Australian Grand Prix,albert_park,2023-04-02,russell,RUS,mercedes,2,18,R,Retired,17,0.0,18
2023,3,Australian Grand Prix,albert_park,2023-04-02,albon,ALB,williams,8,19,R,Retired,6,0.0,19
2023,3,Australian Grand Prix,albert_park,2023-04-02,leclerc,LEC,ferrari,7,20,R,Retired,0,0.0,0
2023,4,Azerbaijan Grand Prix,baku,2023-04-30,perez,PER,red_bull,3,1,1,Finished,51,25.0,5
2023,4,Azerbaijan Grand Prix,baku,2023-04-30,max_verstappen,VER,red_bull,2,2,2,Finished,51,18.0,2
2023,4,Azerbaijan Grand Prix,baku,2023-04-30,leclerc,LEC,ferrari,1,3,3,Finished,51,15.0,4
2023,4,Azerbaijan Grand Prix,baku,2023-04-30,alonso,ALO,aston_martin,6,4,4,Finished,51,12.0,3
2023,4,Azerbaijan Grand Prix,baku,2023-04-30,sainz,SAI,ferrari,4,5,5,Finished,51,10.0,6
2023,4,Azerbaijan Grand Prix,baku,2023-04-30,hamilton,HAM,mercedes,5,6,6,Finished,51,8.0,7
2023,4,Azerbaijan Grand Prix,baku,2023-04-30,stroll,STR,aston_martin,9,7,7,Finished,51,6.0,9
2023,4,Azerbaijan Grand Prix,baku,2023-04-30,russell,RUS,mercedes,11,8,8,Finished,51,5.0,1
2023,4,Azerbaijan Grand Prix,baku,2023-04-30,norris,NOR,mclaren,7,9,9,Finished,51,2.0,12
2023,4,Azerbaijan Grand Prix,baku,2023-04-30,tsunoda,TSU,alphatauri,8,10,10,Finished,51,1.0,11
2023,4,Azerbaijan Grand Prix,baku,2023-04-30,piastri,PIA,mclaren,10,11,11,Finished,51,0.0,10
2023,4,Azerbaijan Grand Prix,baku,2023-04-30,albon,ALB,williams,12,12,12,Finished,51,0.0,15
2023,4,Azerbaijan Grand Prix,baku,2023-04-30,kevin_magnussen,MAG,haas,16,13,13,Finished,51,0.0,13
2023,4,Azerbaijan Grand Prix,baku,2023-04-30,gasly,GAS,alpine,17,14,14,Finished,51,0.0,8
2023,4,Azerbaijan Grand Prix,baku,2023-04-30,ocon,OCO,alpine,19,15,15,Finished,51,0.0,14
2023,4,Azerbaijan Grand Prix,baku,2023-04-30,sargeant,SAR,williams,14,16,16,Finished,51,0.0,17
2023,4,Azerbaijan Grand Prix,baku,2023-04-30,hulkenberg,HUL,haas,20,17,17,Lapped,50,0.0,18
2023,4,Azerbaijan Grand Prix,baku,2023-04-30,bottas,BOT,alfa,13,18,18,Lapped,50,0.0,16
2023,4,Azerbaijan Grand Prix,baku,2023-04-30,zhou,ZHO,alfa,15,19,R,Retired,36,0.0,19
2023,4,Azerbaijan Grand Prix,baku,2023-04-30,de_vries,DEV,alphatauri,18,20,R,Retired,9,0.0,20
2023,5,Miami Grand Prix,miami,2023-05-07,max_verstappen,VER,red_bull,9,1,1,Finished,57,26.0,1
2023,5,Miami Grand Prix,miami,2023-05-07,perez,PER,red_bull,1,2,2,Finished,57,18.0,3
2023,5,Miami Grand Prix,miami,2023-05-07,alonso,ALO,aston_martin,2,3,3,Finished,57,15.0,2
2023,5,Miami Grand Prix,miami,2023-05-07,russell,RUS,mercedes,6,4,4,Finished,57,12.0,7
2023,5,Miami Grand Prix,miami,2023-05-07,sainz,SAI,ferrari,3,5,5,Finished,57,10.0,10
2023,5,Miami Grand Prix,miami,2023-05-07,hamilton,HAM,mercedes,13,6,6,Finished,57,8.0,4
2023,5,Miami Grand Prix,miami,2023-05-07,leclerc,LEC,ferrari,7,7,7,Finished,57,6.0,11
2023,5,Miami Grand Prix,miami,2023-05-07,gasly,GAS,alpine,5,8,8,Finished,57,4.0,17
2023,5,Miami Grand Prix,miami,2023-05-07,ocon,OCO,alpine,8,9,9,Finished,57,2.0,9
2023,5,Miami Grand Prix,miami,2023-05-07,kevin_magnussen,MAG,haas,4,10,10,Finished,57,1.0,13
2023,5,Miami Grand Prix,miami,2023-05-07,tsunoda,TSU,alphatauri,17,11,11,Finished,57,0.0,8
2023,5,Miami Grand Prix,miami,2023-05-07,stroll,STR,aston_martin,18,12,12,Finished,57,0.0,5
2023,5,Miami Grand Prix,miami,2023-05-07,bottas,BOT,alfa,10,13,13,Finished,57,0.0,15
2023,5,Miami Grand Prix,miami,2023-05-07,albon,ALB,williams,11,14,14,Finished,57,0.0,16
2023,5,Miami Grand Prix,miami,2023-05-07,hulkenberg,HUL,haas,12,15,15,Finished,57,0.0,6
2023,5,Miami Grand Prix,miami,2023-05-07,zhou,ZHO,alfa,14,16,16,Finished,57,0.0,14
2023,5,Miami Grand Prix,miami,2023-05-07,norris,NOR,mclaren,16,17,17,Finished,57,0.0,20
2023,5,Miami Grand Prix,miami,2023-05-07,de_vries,DEV,alphatauri,15,18,18,Finished,57,0.0,12
2023,5,Miami Grand Prix,miami,2023-05-07,piastri,PIA,mclaren,19,19,19,Lapped,56,0.0,18
2023,5,Miami Grand Prix,miami,2023-05-07,sargeant,SAR,williams,20,20,20,Lapped,56,0.0,19
2023,6,Monaco Grand Prix,monaco,2023-05-28,max_verstappen,VER,red_bull,1,1,1,Finished,78,25.0,7
2023,6,Monaco Grand Prix,monaco,2023-05-28,alonso,ALO,aston_martin,2,2,2,Finished,78,18.0,9
2023,6,Monaco Grand Prix,monaco,2023-05-28,ocon,OCO,alpine,3,3,3,Finished,78,15.0,6
2023,6,Monaco Grand Prix,monaco,2023-05-28,hamilton,HAM,mercedes,5,4,4,Finished,78,13.0,1
2023,6,Monaco Grand Prix,monaco,2023-05-28,russell,RUS,mercedes,8,5,5,Finished,78,10.0,10
2023,6,Monaco Grand Prix,monaco,2023-05-28,leclerc,LEC,ferrari,6,6,6,Finished,78,8.0,2
2023,6,Monaco Grand Prix,monaco,2023-05-28,gasly,GAS,alpine,7,7,7,Finished,78,6.0,3
2023,6,Monaco Grand Prix,monaco,2023-05-28,sainz,SAI,ferrari,4,8,8,Finished,78,4.0,5
2023,6,Monaco Grand Prix,monaco,2023-05-28,norris,NOR,mclaren,10,9,9,Lapped,77,2.0,19
2023,6,Monaco Grand Prix,monaco,2023-05-28,piastri,PIA,mclaren,11,10,10,Lapped,77,1.0,14
2023,6,Monaco Grand Prix,monaco,2023-05-28,bottas,BOT,alfa,15,11,11,Lapped,77,0.0,18
2023,6,Monaco Grand Prix,monaco,2023-05-28,de_vries,DEV,alphatauri,12,12,12,Lapped,77,0.0,15
2023,6,Monaco Grand Prix,monaco,2023-05-28,zhou,ZHO,alfa,19,13,13,Lapped,77,0.0,11
2023,6,Monaco Grand Prix,monaco,2023-05-28,albon,ALB,williams,13,14,14,Lapped,77,0.0,8
2023,6,Monaco Grand Prix,monaco,2023-05-28,tsunoda,TSU,alphatauri,9,15,15,Lapped,76,0.0,16
2023,6,Monaco Grand Prix,monaco,2023-05-28,perez,PER,red_bull,20,16,16,Lapped,76,0.0,4
2023,6,Monaco Grand Prix,monaco,2023-05-28,hulkenberg,HUL,haas,18,17,17,Lapped,76,0.0,12
2023,6,Monaco Grand Prix,monaco,2023-05-28,sargeant,SAR,williams,16,18,18,Lapped,76,0.0,13
2023,6,Monaco Grand Prix,monaco,2023-05-28,kevin_magnussen,MAG,haas,17,19,19,Retired,70,0.0,20
2023,6,Monaco Grand Prix,monaco,2023-05-28,stroll,STR,aston_martin,14,20,R,Retired,53,0.0,17
2023,7,Spanish Grand Prix,catalunya,2023-06-04,max_verstappen,VER,red_bull,1,1,1,Finished,66,26.0,1
2023,7,Spanish Grand Prix,catalunya,2023-06-04,hamilton,HAM,mercedes,4,2,2,Finished,66,18.0,3
2023,7,Spanish Grand Prix,catalunya,2023-06-04,russell,RUS,mercedes,12,3,3,Finished,66,15.0,5
2023,7,Spanish Grand Prix,catalunya,2023-06-04,perez,PER,red_bull,11,4,4,Finished,66,12.0,2
2023,7,Spanish Grand Prix,catalunya,2023-06-04,sainz,SAI,ferrari,2,5,5,Finished,66,10.0,11
2023,7,Spanish Grand Prix,catalunya,2023-06-04,stroll,STR,aston_martin,5,6,6,Finished,66,8.0,14
2023,7,Spanish Grand Prix,catalunya,2023-06-04,alonso,ALO,aston_martin,8,7,7,Finished,66,6.0,7
2023,7,Spanish Grand Prix,catalunya,2023-06-04,ocon,OCO,alpine,6,8,8,Finished,66,4.0,18
2023,7,Spanish Grand Prix,catalunya,2023-06-04,zhou,ZHO,alfa,13,9,9,Finished,66,2.0,15
2023,7,Spanish Grand Prix,catalunya,2023-06-04,gasly,GAS,alpine,10,10,10,Finished,66,1.0,10
2023,7,Spanish Grand Prix,catalunya,2023-06-04,leclerc,LEC,ferrari,19,11,11,Finished,66,0.0,9
2023,7,Spanish Grand Prix,catalunya,2023-06-04,tsunoda,TSU,alphatauri,15,12,12,Finished,66,0.0,17
2023,7,Spanish Grand Prix,catalunya,2023-06-04,piastri,PIA,mclaren,9,13,13,Lapped,65,0.0,13
2023,7,Spanish Grand Prix,catalunya,2023-06-04,de_vries,DEV,alphatauri,14,14,14,Lapped,65,0.0,12
2023,7,Spanish Grand Prix,catalunya,2023-06-04,hulkenberg,HUL,haas,7,15,15,Lapped,65,0.0,16
2023,7,Spanish Grand Prix,catalunya,2023-06-04,albon,ALB,williams,18,16,16,Lapped,65,0.0,19
2023,7,Spanish Grand Prix,catalunya,2023-06-04,norris,NOR,mclaren,3,17,17,Lapped,65,0.0,4
2023,7,Spanish Grand Prix,catalunya,2023-06-04,kevin_magnussen,MAG,haas,17,18,18,Lapped,65,0.0,6
2023,7,Spanish Grand Prix,catalunya,2023-06-04,bottas,BOT,alfa,16,19,19,Lapped,65,0.0,8
2023,7,Spanish Grand Prix,catalunya,2023-06-04,sargeant,SAR,williams,20,20,20,Lapped,65,0.0,20
2023,8,Canadian Grand Prix,villeneuve,2023-06-18,max_verstappen,VER,red_bull,1,1,1,Finished,70,25.0,3
2023,8,Canadian Grand Prix,villeneuve,2023-06-18,alonso,ALO,aston_martin,2,2,2,Finished,70,18.0,4
2023,8,Canadian Grand Prix,villeneuve,2023-06-18,hamilton,HAM,mercedes,3,3,3,Finished,70,15.0,2
2023,8,Canadian Grand Prix,villeneuve,2023-06-18,leclerc,LEC,ferrari,10,4,4,Finished,70,12.0,5
2023,8,Canadian Grand Prix,villeneuve,2023-06-18,sainz,SAI,ferrari,11,5,5,Finished,70,10.0,6
2023,8,Canadian Grand Prix,villeneuve,2023-06-18,perez,PER,red_bull,12,6,6,Finished,70,9.0,1
2023,8,Canadian Grand Prix,villeneuve,2023-06-18,albon,ALB,williams,9,7,7,Finished,70,6.0,16
2023,8,Canadian Grand Prix,villeneuve,2023-06-18,ocon,OCO,alpine,6,8,8,Finished,70,4.0,15
2023,8,Canadian Grand Prix,villeneuve,2023-06-18,stroll,STR,aston_martin,16,9,9,Finished,70,2.0,10
2023,8,Canadian Grand Prix,villeneuve,2023-06-18,bottas,BOT,alfa,14,10,10,Finished,70,1.0,12
2023,8,Canadian Grand Prix,villeneuve,2023-06-18,piastri,PIA,mclaren,8,11,11,Finished,70,0.0,11
2023,8,Canadian Grand Prix,villeneuve,2023-06-18,gasly,GAS,alpine,15,12,12,Finished,70,0.0,9
2023,8,Canadian Grand Prix,villeneuve,2023-06-18,norris,NOR,mclaren,7,13,13,Finished,70,0.0,8
2023,8,Canadian Grand Prix,villeneuve,2023-06-18,tsunoda,TSU,alphatauri,19,14,14,Finished,70,0.0,14
2023,8,Canadian Grand Prix,villeneuve,2023-06-18,hulkenberg,HUL,haas,5,15,15,Lapped,69,0.0,19
2023,8,Canadian Grand Prix,villeneuve,2023-06-18,zhou,ZHO,alfa,20,16,16,Lapped,69,0.0,17
2023,8,Canadian Grand Prix,villeneuve,2023-06-18,kevin_magnussen,MAG,haas,13,17,17,Lapped,69,0.0,7
2023,8,Canadian Grand Prix,villeneuve,2023-06-18,de_vries,DEV,alphatauri,17,18,18,Lapped,69,0.0,13
2023,8,Canadian Grand Prix,villeneuve,2023-06-18,russell,RUS,mercedes,4,19,R,Retired,53,0.0,18
2023,8,Canadian Grand Prix,villeneuve,2023-06-18,sargeant,SAR,williams,18,20,R,Retired,6,0.0,20
2023,9,Austrian Grand Prix,red_bull_ring,2023-07-02,max_verstappen,VER,red_bull,1,1,1,Finished,71,26.0,1
2023,9,Austrian Grand Prix,red_bull_ring,2023-07-02,leclerc,LEC,ferrari,2,2,2,Finished,71,18.0,5
2023,9,Austrian Grand Prix,red_bull_ring,2023-07-02,perez,PER,red_bull,15,3,3,Finished,71,15.0,2
2023,9,Austrian Grand Prix,red_bull_ring,2023-07-02,norris,NOR,mclaren,4,4,4,Finished,71,12.0,4
2023,9,Austrian Grand Prix,red_bull_ring,2023-07-02,alonso,ALO,aston_martin,7,5,5,Finished,71,10.0,8
2023,9,Austrian Grand Prix,red_bull_ring,2023-07-02,sainz,SAI,ferrari,3,6,6,Finished,71,8.0,6
2023,9,Austrian Grand Prix,red_bull_ring,2023-07-02,russell,RUS,mercedes,11,7,7,Finished,71,6.0,10
2023,9,Austrian Grand Prix,red_bull_ring,2023-07-02,hamilton,HAM,mercedes,5,8,8,Finished,71,4.0,9
2023,9,Austrian Grand Prix,red_bull_ring,2023-07-02,stroll,STR,aston_martin,6,9,9,Finished,71,2.0,3
2023,9,Austrian Grand Prix,red_bull_ring,2023-07-02,gasly,GAS,alpine,9,10,10,Finished,71,1.0,7
2023,9,Austrian Grand Prix,red_bull_ring,2023-07-02,albon,ALB,williams,10,11,11,Finished,71,0.0,11
2023,9,Austrian Grand Prix,red_bull_ring,2023-07-02,zhou,ZHO,alfa,17,12,12,Lapped,70,0.0,14
2023,9,Austrian Grand Prix,red_bull_ring,2023-07-02,sargeant,SAR,williams,18,13,13,Lapped,70,0.0,12
2023,9,Austrian Grand Prix,red_bull_ring,2023-07-02,ocon,OCO,alpine,12,14,14,Lapped,70,0.0,15
2023,9,Austrian Grand Prix,red_bull_ring,2023-07-02,bottas,BOT,alfa,14,15,15,Lapped,70,0.0,18
2023,9,Austrian Grand Prix,red_bull_ring,2023-07-02,piastri,PIA,mclaren,13,16,16,Lapped,70,0.0,17
2023,9,Austrian Grand Prix,red_bull_ring,2023-07-02,de_vries,DEV,alphatauri,20,17,17,Lapped,70,0.0,16
2023,9,Austrian Grand Prix,red_bull_ring,2023-07-02,kevin_magnussen,MAG,haas,19,18,18,Lapped,70,0.0,19
2023,9,Austrian Grand Prix,red_bull_ring,2023-07-02,tsunoda,TSU,alphatauri,16,19,19,Lapped,70,0.0,13
2023,9,Austrian Grand Prix,red_bull_ring,2023-07-02,hulkenberg,HUL,haas,8,20,R,Retired,12,0.0,20
2023,10,British Grand Prix,silverstone,2023-07-09,max_verstappen,VER,red_bull,1,1,1,Finished,52,26.0,1
2023,10,British Grand Prix,silverstone,2023-07-09,norris,NOR,mclaren,2,2,2,Finished,52,18.0,2
2023,10,British Grand Prix,silverstone,2023-07-09,hamilton,HAM,mercedes,7,3,3,Finished,52,15.0,3
2023,10,British Grand Prix,silverstone,2023-07-09,piastri,PIA,mclaren,3,4,4,Finished,52,12.0,4
2023,10,British Grand Prix,silverstone,2023-07-09,russell,RUS,mercedes,6,5,5,Finished,52,10.0,6
2023,10,British Grand Prix,silverstone,2023-07-09,perez,PER,red_bull,15,6,6,Finished,52,8.0,5
2023,10,British Grand Prix,silverstone,2023-07-09,alonso,ALO,aston_martin,9,7,7,Finished,52,6.0,9
2023,10,British Grand Prix,silverstone,2023-07-09,albon,ALB,williams,8,8,8,Finished,52,4.0,8
2023,10,British Grand Prix,silverstone,2023-07-09,leclerc,LEC,ferrari,4,9,9,Finished,52,2.0,7
2023,10,British Grand Prix,silverstone,2023-07-09,sainz,SAI,ferrari,5,10,10,Finished,52,1.0,10
2023,10,British Grand Prix,silverstone,2023-07-09,sargeant,SAR,williams,14,11,11,Finished,52,0.0,13
2023,10,British Grand Prix,silverstone,2023-07-09,bottas,BOT,alfa,20,12,12,Finished,52,0.0,16
2023,10,British Grand Prix,silverstone,2023-07-09,hulkenberg,HUL,haas,11,13,13,Finished,52,0.0,15
2023,10,British Grand Prix,silverstone,2023-07-09,stroll,STR,aston_martin,12,14,14,Finished,52,0.0,11
2023,10,British Grand Prix,silverstone,2023-07-09,zhou,ZHO,alfa,17,15,15,Finished,52,0.0,14
2023,10,British Grand Prix,silverstone,2023-07-09,tsunoda,TSU,alphatauri,16,16,16,Finished,52,0.0,17
2023,10,British Grand Prix,silverstone,2023-07-09,de_vries,DEV,alphatauri,18,17,17,Finished,52,0.0,18
2023,10,British Grand Prix,silverstone,2023-07-09,gasly,GAS,alpine,10,18,18,Retired,46,0.0,12
2023,10,British Grand Prix,silverstone,2023-07-09,kevin_magnussen,MAG,haas,19,19,R,Retired,31,0.0,19
2023,10,British Grand Prix,silverstone,2023-07-09,ocon,OCO,alpine,13,20,R,Retired,9,0.0,20
2023,11,Hungarian Grand Prix,hungaroring,2023-07-23,max_verstappen,VER,red_bull,2,1,1,Finished,70,26.0,1
2023,11,Hungarian Grand Prix,hungaroring,2023-07-23,norris,NOR,mclaren,3,2,2,Finished,70,18.0,4
2023,11,Hungarian Grand Prix,hungaroring,2023-07-23,perez,PER,red_bull,9,3,3,Finished,70,15.0,5
2023,11,Hungarian Grand Prix,hungaroring,2023-07-23,hamilton,HAM,mercedes,1,4,4,Finished,70,12.0,2
2023,11,Hungarian Grand Prix,hungaroring,2023-07-23,piastri,PIA,mclaren,4,5,5,Finished,70,10.0,8
2023,11,Hungarian Grand Prix,hungaroring,2023-07-23,russell,RUS,mercedes,18,6,6,Finished,70,8.0,3
2023,11,Hungarian Grand Prix,hungaroring,2023-07-23,leclerc,LEC,ferrari,6,7,7,Finished,70,6.0,6
2023,11,Hungarian Grand Prix,hungaroring,2023-07-23,sainz,SAI,ferrari,11,8,8,Finished,70,4.0,7
2023,11,Hungarian Grand Prix,hungaroring,2023-07-23,alonso,ALO,aston_martin,8,9,9,Finished,70,2.0,9
2023,11,Hungarian Grand Prix,hungaroring,2023-07-23,stroll,STR,aston_martin,14,10,10,Lapped,69,1.0,11
2023,11,Hungarian Grand Prix,hungaroring,2023-07-23,albon,ALB,williams,16,11,11,Lapped,69,0.0,18
2023,11,Hungarian Grand Prix,hungaroring,2023-07-23,bottas,BOT,alfa,7,12,12,Lapped,69,0.0,14
2023,11,Hungarian Grand Prix,hungaroring,2023-07-23,ricciardo,RIC,alphatauri,13,13,13,Lapped,69,0.0,17
2023,11,Hungarian Grand Prix,hungaroring,2023-07-23,hulkenberg,HUL,haas,10,14,14,Lapped,69,0.0,13
2023,11,Hungarian Grand Prix,hungaroring,2023-07-23,tsunoda,TSU,alphatauri,17,15,15,Lapped,69,0.0,10
2023,11,Hungarian Grand Prix,hungaroring,2023-07-23,zhou,ZHO,alfa,5,16,16,Lapped,69,0.0,15
2023,11,Hungarian Grand Prix,hungaroring,2023-07-23,kevin_magnussen,MAG,haas,19,17,17,Lapped,69,0.0,16
2023,11,Hungarian Grand Prix,hungaroring,2023-07-23,sargeant,SAR,williams,20,18,18,Retired,67,0.0,12
2023,11,Hungarian Grand Prix,hungaroring,2023-07-23,ocon,OCO,alpine,12,19,R,Retired,2,0.0,0
2023,11,Hungarian Grand Prix,hungaroring,2023-07-23,gasly,GAS,alpine,15,20,R,Retired,1,0.0,0
2023,12,Belgian Grand Prix,spa,2023-07-30,max_verstappen,VER,red_bull,6,1,1,Finished,44,25.0,2
2023,12,Belgian Grand Prix,spa,2023-07-30,perez,PER,red_bull,2,2,2,Finished,44,18.0,6
2023,12,Belgian Grand Prix,spa,2023-07-30,leclerc,LEC,ferrari,1,3,3,Finished,44,15.0,7
2023,12,Belgian Grand Prix,spa,2023-07-30,hamilton,HAM,mercedes,3,4,4,Finished,44,13.0,1
2023,12,Belgian Grand Prix,spa,2023-07-30,alonso,ALO,aston_martin,9,5,5,Finished,44,10.0,13
2023,12,Belgian Grand Prix,spa,2023-07-30,russell,RUS,mercedes,8,6,6,Finished,44,8.0,11
2023,12,Belgian Grand Prix,spa,2023-07-30,norris,NOR,mclaren,7,7,7,Finished,44,6.0,18
2023,12,Belgian Grand Prix,spa,2023-07-30,ocon,OCO,alpine,14,8,8,Finished,44,4.0,8
2023,12,Belgian Grand Prix,spa,2023-07-30,stroll,STR,aston_martin,10,9,9,Finished,44,2.0,16
2023,12,Belgian Grand Prix,spa,2023-07-30,tsunoda,TSU,alphatauri,11,10,10,Finished,44,1.0,17
2023,12,Belgian Grand Prix,spa,2023-07-30,gasly,GAS,alpine,12,11,11,Finished,44,0.0,12
2023,12,Belgian Grand Prix,spa,2023-07-30,bottas,BOT,alfa,13,12,12,Finished,44,0.0,10
2023,12,Belgian Grand Prix,spa,2023-07-30,zhou,ZHO,alfa,17,13,13,Finished,44,0.0,5
2023,12,Belgian Grand Prix,spa,2023-07-30,albon,ALB,williams,15,14,14,Finished,44,0.0,3
2023,12,Belgian Grand Prix,spa,2023-07-30,kevin_magnussen,MAG,haas,16,15,15,Finished,44,0.0,14
2023,12,Belgian Grand Prix,spa,2023-07-30,ricciardo,RIC,alphatauri,19,16,16,Finished,44,0.0,15
2023,12,Belgian Grand Prix,spa,2023-07-30,sargeant,SAR,williams,18,17,17,Finished,44,0.0,9
2023,12,Belgian Grand Prix,spa,2023-07-30,hulkenberg,HUL,haas,20,18,18,Finished,44,0.0,4
2023,12,Belgian Grand Prix,spa,2023-07-30,sainz,SAI,ferrari,4,19,R,Retired,23,0.0,19
2023,12,Belgian Grand Prix,spa,2023-07-30,piastri,PIA,mclaren,5,20,R,Retired,0,0.0,0
2023,13,Dutch Grand Prix,zandvoort,2023-08-27,max_verstappen,VER,red_bull,1,1,1,Finished,72,25.0,2
2023,13,Dutch Grand Prix,zandvoort,2023-08-27,alonso,ALO,aston_martin,5,2,2,Finished,72,19.0,1
2023,13,Dutch Grand Prix,zandvoort,2023-08-27,gasly,GAS,alpine,12,3,3,Finished,72,15.0,7
2023,13,Dutch Grand Prix,zandvoort,2023-08-27,perez,PER,red_bull,7,4,4,Finished,72,12.0,4
2023,13,Dutch Grand Prix,zandvoort,2023-08-27,sainz,SAI,ferrari,6,5,5,Finished,72,10.0,13
2023,13,Dutch Grand Prix,zandvoort,2023-08-27,hamilton,HAM,mercedes,13,6,6,Finished,72,8.0,3
2023,13,Dutch Grand Prix,zandvoort,2023-08-27,norris,NOR,mclaren,2,7,7,Finished,72,6.0,6
2023,13,Dutch Grand Prix,zandvoort,2023-08-27,albon,ALB,williams,4,8,8,Finished,72,4.0,8
2023,13,Dutch Grand Prix,zandvoort,2023-08-27,piastri,PIA,mclaren,8,9,9,Finished,72,2.0,5
2023,13,Dutch Grand Prix,zandvoort,2023-08-27,ocon,OCO,alpine,16,10,10,Finished,72,1.0,10
2023,13,Dutch Grand Prix,zandvoort,2023-08-27,stroll,STR,aston_martin,11,11,11,Finished,72,0.0,15
2023,13,Dutch Grand Prix,zandvoort,2023-08-27,hulkenberg,HUL,haas,14,12,12,Finished,72,0.0,9
2023,13,Dutch Grand Prix,zandvoort,2023-08-27,lawson,LAW,alphatauri,19,13,13,Finished,72,0.0,12
2023,13,Dutch Grand Prix,zandvoort,2023-08-27,bottas,BOT,alfa,18,14,14,Finished,72,0.0,11
2023,13,Dutch Grand Prix,zandvoort,2023-08-27,tsunoda,TSU,alphatauri,17,15,15,Finished,72,0.0,18
2023,13,Dutch Grand Prix,zandvoort,2023-08-27,kevin_magnussen,MAG,haas,0,16,16,Finished,72,0.0,17
2023,13,Dutch Grand Prix,zandvoort,2023-08-27,russell,RUS,mercedes,3,17,17,Finished,72,0.0,14
2023,13,Dutch Grand Prix,zandvoort,2023-08-27,zhou,ZHO,alfa,15,18,R,Accident,62,0.0,16
2023,13,Dutch Grand Prix,zandvoort,2023-08-27,leclerc,LEC,ferrari,9,19,R,Undertray,41,0.0,19
2023,13,Dutch Grand Prix,zandvoort,2023-08-27,sargeant,SAR,williams,10,20,R,Accident,14,0.0,20
2023,14,Italian Grand Prix,monza,2023-09-03,max_verstappen,VER,red_bull,2,1,1,Finished,51,25.0,2
2023,14,Italian Grand Prix,monza,2023-09-03,perez,PER,red_bull,5,2,2,Finished,51,18.0,4
2023,14,Italian Grand Prix,monza,2023-09-03,sainz,SAI,ferrari,1,3,3,Finished,51,15.0,3
2023,14,Italian Grand Prix,monza,2023-09-03,leclerc,LEC,ferrari,3,4,4,Finished,51,12.0,5
2023,14,Italian Grand Prix,monza,2023-09-03,russell,RUS,mercedes,4,5,5,Finished,51,10.0,9
2023,14,Italian Grand Prix,monza,2023-09-03,hamilton,HAM,mercedes,8,6,6,Finished,51,8.0,6
2023,14,Italian Grand Prix,monza,2023-09-03,albon,ALB,williams,6,7,7,Finished,51,6.0,16
2023,14,Italian Grand Prix,monza,2023-09-03,norris,NOR,mclaren,9,8,8,Finished,51,4.0,14
2023,14,Italian Grand Prix,monza,2023-09-03,alonso,ALO,aston_martin,10,9,9,Finished,51,2.0,13
2023,14,Italian Grand Prix,monza,2023-09-03,bottas,BOT,alfa,14,10,10,Finished,51,1.0,12
2023,14,Italian Grand Prix,monza,2023-09-03,lawson,LAW,alphatauri,12,11,11,Finished,51,0.0,8
2023,14,Italian Grand Prix,monza,2023-09-03,piastri,PIA,mclaren,7,12,12,Finished,51,0.0,1
2023,14,Italian Grand Prix,monza,2023-09-03,sargeant,SAR,williams,15,13,13,Finished,51,0.0,18
2023,14,Italian Grand Prix,monza,2023-09-03,zhou,ZHO,alfa,16,14,14,Finished,51,0.0,11
2023,14,Italian Grand Prix,monza,2023-09-03,gasly,GAS,alpine,17,15,15,Finished,51,0.0,7
2023,14,Italian Grand Prix,monza,2023-09-03,stroll,STR,aston_martin,20,16,16,Finished,51,0.0,17
2023,14,Italian Grand Prix,monza,2023-09-03,hulkenberg,HUL,haas,13,17,17,Lapped,50,0.0,10
2023,14,Italian Grand Prix,monza,2023-09-03,kevin_magnussen,MAG,haas,19,18,18,Lapped,50,0.0,15
2023,14,Italian Grand Prix,monza,2023-09-03,ocon,OCO,alpine,18,19,R,Retired,39,0.0,19
2023,14,Italian Grand Prix,monza,2023-09-03,tsunoda,TSU,alphatauri,11,20,W,Did not start,0,0.0,0
2023,15,Singapore Grand Prix,marina_bay,2023-09-17,sainz,SAI,ferrari,1,1,1,Finished,62,25.0,7
2023,15,Singapore Grand Prix,marina_bay,2023-09-17,norris,NOR,mclaren,4,2,2,Finished,62,18.0,8
2023,15,Singapore Grand Prix,marina_bay,2023-09-17,hamilton,HAM,mercedes,5,3,3,Finished,62,16.0,1
2023,15,Singapore Grand Prix,marina_bay,2023-09-17,leclerc,LEC,ferrari,3,4,4,Finished,62,12.0,11
2023,15,Singapore Grand Prix,marina_bay,2023-09-17,max_verstappen,VER,red_bull,11,5,5,Finished,62,10.0,4
2023,15,Singapore Grand Prix,marina_bay,2023-09-17,gasly,GAS,alpine,12,6,6,Finished,62,8.0,12
2023,15,Singapore Grand Prix,marina_bay,2023-09-17,piastri,PIA,mclaren,17,7,7,Finished,62,6.0,13
2023,15,Singapore Grand Prix,marina_bay,2023-09-17,perez,PER,red_bull,13,8,8,Finished,62,4.0,5
2023,15,Singapore Grand Prix,marina_bay,2023-09-17,lawson,LAW,alphatauri,10,9,9,Finished,62,2.0,15
2023,15,Singapore Grand Prix,marina_bay,2023-09-17,kevin_magnussen,MAG,haas,6,10,10,Finished,62,1.0,10
2023,15,Singapore Grand Prix,marina_bay,2023-09-17,albon,ALB,williams,14,11,11,Finished,62,0.0,6
2023,15,Singapore Grand Prix,marina_bay,2023-09-17,zhou,ZHO,alfa,19,12,12,Finished,62,0.0,16
2023,15,Singapore Grand Prix,marina_bay,2023-09-17,hulkenberg,HUL,haas,9,13,13,Finished,62,0.0,17
2023,15,Singapore Grand Prix,marina_bay,2023-09-17,sargeant,SAR,williams,18,14,14,Finished,62,0.0,14
2023,15,Singapore Grand Prix,marina_bay,2023-09-17,alonso,ALO,aston_martin,7,15,15,Finished,62,0.0,3
2023,15,Singapore Grand Prix,marina_bay,2023-09-17,russell,RUS,mercedes,2,16,16,Retired,61,0.0,2
2023,15,Singapore Grand Prix,marina_bay,2023-09-17,bottas,BOT,alfa,16,17,R,Retired,51,0.0,9
2023,15,Singapore Grand Prix,marina_bay,2023-09-17,ocon,OCO,alpine,8,18,R,Retired,42,0.0,18
2023,15,Singapore Grand Prix,marina_bay,2023-09-17,tsunoda,TSU,alphatauri,15,19,R,Retired,0,0.0,0
2023,15,Singapore Grand Prix,marina_bay,2023-09-17,stroll,STR,aston_martin,0,20,W,Withdrew,0,0.0,0
2023,16,Japanese Grand Prix,suzuka,2023-09-24,max_verstappen,VER,red_bull,1,1,1,Finished,53,26.0,1
2023,16,Japanese Grand Prix,suzuka,2023-09-24,norris,NOR,mclaren,3,2,2,Finished,53,18.0,2
2023,16,Japanese Grand Prix,suzuka,2023-09-24,piastri,PIA,mclaren,2,3,3,Finished,53,15.0,5
2023,16,Japanese Grand Prix,suzuka,2023-09-24,leclerc,LEC,ferrari,4,4,4,Finished,53,12.0,6
2023,16,Japanese Grand Prix,suzuka,2023-09-24,hamilton,HAM,mercedes,7,5,5,Finished,53,10.0,3
2023,16,Japanese Grand Prix,suzuka,2023-09-24,sainz,SAI,ferrari,6,6,6,Finished,53,8.0,4
2023,16,Japanese Grand Prix,suzuka,2023-09-24,russell,RUS,mercedes,8,7,7,Finished,53,6.0,11
2023,16,Japanese Grand Prix,suzuka,2023-09-24,alonso,ALO,aston_martin,10,8,8,Finished,53,4.0,8
2023,16,Japanese Grand Prix,suzuka,2023-09-24,ocon,OCO,alpine,14,9,9,Finished,53,2.0,10
2023,16,Japanese Grand Prix,suzuka,2023-09-24,gasly,GAS,alpine,12,10,10,Finished,53,1.0,7
2023,16,Japanese Grand Prix,suzuka,2023-09-24,lawson,LAW,alphatauri,11,11,11,Lapped,52,0.0,15
2023,16,Japanese Grand Prix,suzuka,2023-09-24,tsunoda,TSU,alphatauri,9,12,12,Lapped,52,0.0,12
2023,16,Japanese Grand Prix,suzuka,2023-09-24,zhou,ZHO,alfa,19,13,13,Lapped,52,0.0,13
2023,16,Japanese Grand Prix,suzuka,2023-09-24,hulkenberg,HUL,haas,18,14,14,Lapped,52,0.0,9
2023,16,Japanese Grand Prix,suzuka,2023-09-24,kevin_magnussen,MAG,haas,15,15,15,Lapped,52,0.0,14
2023,16,Japanese Grand Prix,suzuka,2023-09-24,albon,ALB,williams,13,16,R,Retired,26,0.0,18
2023,16,Japanese Grand Prix,suzuka,2023-09-24,sargeant,SAR,williams,20,17,R,Retired,22,0.0,16
2023,16,Japanese Grand Prix,suzuka,2023-09-24,stroll,STR,aston_martin,17,18,R,Retired,20,0.0,17
2023,16,Japanese Grand Prix,suzuka,2023-09-24,perez,PER,red_bull,5,19,R,Retired,15,0.0,19
2023,16,Japanese Grand Prix,suzuka,2023-09-24,bottas,BOT,alfa,16,20,R,Retired,7,0.0,20
2023,17,Qatar Grand Prix,losail,2023-10-08,max_verstappen,VER,red_bull,1,1,1,Finished,57,26.0,1
2023,17,Qatar Grand Prix,losail,2023-10-08,piastri,PIA,mclaren,6,2,2,Finished,57,18.0,3
2023,17,Qatar Grand Prix,losail,2023-10-08,norris,NOR,mclaren,10,3,3,Finished,57,15.0,2
2023,17,Qatar Grand Prix,losail,2023-10-08,russell,RUS,mercedes,2,4,4,Finished,57,12.0,5
2023,17,Qatar Grand Prix,losail,2023-10-08,leclerc,LEC,ferrari,5,5,5,Finished,57,10.0,4
2023,17,Qatar Grand Prix,losail,2023-10-08,alonso,ALO,aston_martin,4,6,6,Finished,57,8.0,6
2023,17,Qatar Grand Prix,losail,2023-10-08,ocon,OCO,alpine,8,7,7,Finished,57,6.0,11
2023,17,Qatar Grand Prix,losail,2023-10-08,bottas,BOT,alfa,9,8,8,Finished,57,4.0,13
2023,17,Qatar Grand Prix,losail,2023-10-08,zhou,ZHO,alfa,19,9,9,Finished,57,2.0,9
2023,17,Qatar Grand Prix,losail,2023-10-08,perez,PER,red_bull,20,10,10,Finished,57,1.0,7
2023,17,Qatar Grand Prix,losail,2023-10-08,stroll,STR,aston_martin,16,11,11,Finished,57,0.0,10
2023,17,Qatar Grand Prix,losail,2023-10-08,gasly,GAS,alpine,7,12,12,Finished,57,0.0,8
2023,17,Qatar Grand Prix,losail,2023-10-08,albon,ALB,williams,13,13,13,Finished,57,0.0,14
2023,17,Qatar Grand Prix,losail,2023-10-08,kevin_magnussen,MAG,haas,18,14,14,Lapped,56,0.0,15
2023,17,Qatar Grand Prix,losail,2023-10-08,tsunoda,TSU,alphatauri,11,15,15,Lapped,56,0.0,17
2023,17,Qatar Grand Prix,losail,2023-10-08,hulkenberg,HUL,haas,14,16,16,Lapped,56,0.0,12
2023,17,Qatar Grand Prix,losail,2023-10-08,lawson,LAW,alphatauri,17,17,17,Lapped,56,0.0,16
2023,17,Qatar Grand Prix,losail,2023-10-08,sargeant,SAR,williams,15,18,R,Retired,40,0.0,18
2023,17,Qatar Grand Prix,losail,2023-10-08,hamilton,HAM,mercedes,3,19,R,Retired,0,0.0,0
2023,17,Qatar Grand Prix,losail,2023-10-08,sainz,SAI,ferrari,12,20,W,Did not start,0,0.0,0
2023,18,United States Grand Prix,americas,2023-10-22,max_verstappen,VER,red_bull,6,1,1,Finished,56,25.0,9
2023,18,United States Grand Prix,americas,2023-10-22,norris,NOR,mclaren,2,2,2,Finished,56,18.0,8
2023,18,United States Grand Prix,americas,2023-10-22,sainz,SAI,ferrari,4,3,3,Finished,56,15.0,10
2023,18,United States Grand Prix,americas,2023-10-22,perez,PER,red_bull,9,4,4,Finished,56,12.0,5
2023,18,United States Grand Prix,americas,2023-10-22,russell,RUS,mercedes,5,5,5,Finished,56,10.0,3
2023,18,United States Grand Prix,americas,2023-10-22,gasly,GAS,alpine,7,6,6,Finished,56,8.0,11
2023,18,United States Grand Prix,americas,2023-10-22,stroll,STR,aston_martin,20,7,7,Finished,56,6.0,6
2023,18,United States Grand Prix,americas,2023-10-22,tsunoda,TSU,alphatauri,11,8,8,Finished,56,5.0,1
2023,18,United States Grand Prix,americas,2023-10-22,albon,ALB,williams,15,9,9,Finished,56,2.0,15
2023,18,United States Grand Prix,americas,2023-10-22,sargeant,SAR,williams,16,10,10,Finished,56,1.0,14
2023,18,United States Grand Prix,americas,2023-10-22,hulkenberg,HUL,haas,18,11,11,Finished,56,0.0,12
2023,18,United States Grand Prix,americas,2023-10-22,bottas,BOT,alfa,13,12,12,Finished,56,0.0,18
2023,18,United States Grand Prix,americas,2023-10-22,zhou,ZHO,alfa,12,13,13,Lapped,55,0.0,17
2023,18,United States Grand Prix,americas,2023-10-22,kevin_magnussen,MAG,haas,17,14,14,Lapped,55,0.0,16
2023,18,United States Grand Prix,americas,2023-10-22,ricciardo,RIC,alphatauri,14,15,15,Lapped,55,0.0,2
2023,18,United States Grand Prix,americas,2023-10-22,alonso,ALO,aston_martin,19,16,R,Retired,49,0.0,7
2023,18,United States Grand Prix,americas,2023-10-22,piastri,PIA,mclaren,10,17,R,Retired,10,0.0,19
2023,18,United States Grand Prix,americas,2023-10-22,ocon,OCO,alpine,8,18,R,Retired,6,0.0,20
2023,18,United States Grand Prix,americas,2023-10-22,hamilton,HAM,mercedes,3,19,19,Disqualified,56,0.0,4
2023,18,United States Grand Prix,americas,2023-10-22,leclerc,LEC,ferrari,1,20,20,Disqualified,56,0.0,13
2023,19,Mexico City Grand Prix,rodriguez,2023-10-29,max_verstappen,VER,red_bull,3,1,1,Finished,71,25.0,2
2023,19,Mexico City Grand Prix,rodriguez,2023-10-29,hamilton,HAM,mercedes,6,2,2,Finished,71,19.0,1
2023,19,Mexico City Grand Prix,rodriguez,2023-10-29,leclerc,LEC,ferrari,1,3,3,Finished,71,15.0,4
2023,19,Mexico City Grand Prix,rodriguez,2023-10-29,sainz,SAI,ferrari,2,4,4,Finished,71,12.0,6
2023,19,Mexico City Grand Prix,rodriguez,2023-10-29,norris,NOR,mclaren,17,5,5,Finished,71,10.0,3
2023,19,Mexico City Grand Prix,rodriguez,2023-10-29,russell,RUS,mercedes,8,6,6,Finished,71,8.0,10
2023,19,Mexico City Grand Prix,rodriguez,2023-10-29,ricciardo,RIC,alphatauri,4,7,7,Finished,71,6.0,7
2023,19,Mexico City Grand Prix,rodriguez,2023-10-29,piastri,PIA,mclaren,7,8,8,Finished,71,4.0,8
2023,19,Mexico City Grand Prix,rodriguez,2023-10-29,albon,ALB,williams,14,9,9,Finished,71,2.0,9
2023,19,Mexico City Grand Prix,rodriguez,2023-10-29,ocon,OCO,alpine,15,10,10,Finished,71,1.0,11
2023,19,Mexico City Grand Prix,rodriguez,2023-10-29,gasly,GAS,alpine,11,11,11,Finished,71,0.0,16
2023,19,Mexico City Grand Prix,rodriguez,2023-10-29,tsunoda,TSU,alphatauri,18,12,12,Finished,71,0.0,5
2023,19,Mexico City Grand Prix,rodriguez,2023-10-29,hulkenberg,HUL,haas,12,13,13,Finished,71,0.0,15
2023,19,Mexico City Grand Prix,rodriguez,2023-10-29,zhou,ZHO,alfa,10,14,14,Finished,71,0.0,19
2023,19,Mexico City Grand Prix,rodriguez,2023-10-29,bottas,BOT,alfa,9,15,15,Finished,71,0.0,14
2023,19,Mexico City Grand Prix,rodriguez,2023-10-29,sargeant,SAR,williams,19,16,16,Retired,70,0.0,12
2023,19,Mexico City Grand Prix,rodriguez,2023-10-29,stroll,STR,aston_martin,0,17,17,Collision damage,66,0.0,17
2023,19,Mexico City Grand Prix,rodriguez,2023-10-29,alonso,ALO,aston_martin,13,18,W,Withdrew,47,0.0,18
2023,19,Mexico City Grand Prix,rodriguez,2023-10-29,kevin_magnussen,MAG,haas,16,19,R,Accident,31,0.0,13
2023,19,Mexico City Grand Prix,rodriguez,2023-10-29,perez,PER,red_bull,5,20,R,Collision damage,1,0.0,0
2023,20,São Paulo Grand Prix,interlagos,2023-11-05,max_verstappen,VER,red_bull,1,1,1,Finished,71,25.0,2
2023,20,São Paulo Grand Prix,interlagos,2023-11-05,norris,NOR,mclaren,6,2,2,Finished,71,19.0,1
2023,20,São Paulo Grand Prix,interlagos,2023-11-05,alonso,ALO,aston_martin,4,3,3,Finished,71,15.0,10
2023,20,São Paulo Grand Prix,interlagos,2023-11-05,perez,PER,red_bull,9,4,4,Finished,71,12.0,5
2023,20,São Paulo Grand Prix,interlagos,2023-11-05,stroll,STR,aston_martin,3,5,5,Finished,71,10.0,4
2023,20,São Paulo Grand Prix,interlagos,2023-11-05,sainz,SAI,ferrari,7,6,6,Finished,71,8.0,9
2023,20,São Paulo Grand Prix,interlagos,2023-11-05,gasly,GAS,alpine,15,7,7,Finished,71,6.0,11
2023,20,São Paulo Grand Prix,interlagos,2023-11-05,hamilton,HAM,mercedes,5,8,8,Finished,71,4.0,12
2023,20,São Paulo Grand Prix,interlagos,2023-11-05,tsunoda,TSU,alphatauri,16,9,9,Finished,71,2.0,7
2023,20,São Paulo Grand Prix,interlagos,2023-11-05,ocon,OCO,alpine,14,10,10,Lapped,70,1.0,6
2023,20,São Paulo Grand Prix,interlagos,2023-11-05,sargeant,SAR,williams,19,11,11,Lapped,70,0.0,16
2023,20,São Paulo Grand Prix,interlagos,2023-11-05,hulkenberg,HUL,haas,11,12,12,Lapped,70,0.0,14
2023,20,São Paulo Grand Prix,interlagos,2023-11-05,ricciardo,RIC,alphatauri,17,13,13,Lapped,70,0.0,3
2023,20,São Paulo Grand Prix,interlagos,2023-11-05,piastri,PIA,mclaren,10,14,14,Lapped,69,0.0,8
2023,20,São Paulo Grand Prix,interlagos,2023-11-05,russell,RUS,mercedes,8,15,R,Retired,57,0.0,13
2023,20,São Paulo Grand Prix,interlagos,2023-11-05,bottas,BOT,alfa,18,16,R,Retired,39,0.0,15
2023,20,São Paulo Grand Prix,interlagos,2023-11-05,zhou,ZHO,alfa,20,17,R,Retired,22,0.0,17
2023,20,São Paulo Grand Prix,interlagos,2023-11-05,kevin_magnussen,MAG,haas,12,18,R,Retired,0,0.0,0
2023,20,São Paulo Grand Prix,interlagos,2023-11-05,albon,ALB,williams,13,19,R,Retired,0,0.0,0
2023,20,São Paulo Grand Prix,interlagos,2023-11-05,leclerc,LEC,ferrari,2,20,W,Did not start,0,0.0,0
2023,21,Las Vegas Grand Prix,vegas,2023-11-19,max_verstappen,VER,red_bull,2,1,1,Finished,50,25.0,2
2023,21,Las Vegas Grand Prix,vegas,2023-11-19,leclerc,LEC,ferrari,1,2,2,Finished,50,18.0,3
2023,21,Las Vegas Grand Prix,vegas,2023-11-19,perez,PER,red_bull,11,3,3,Finished,50,15.0,5
2023,21,Las Vegas Grand Prix,vegas,2023-11-19,ocon,OCO,alpine,16,4,4,Finished,50,12.0,10
2023,21,Las Vegas Grand Prix,vegas,2023-11-19,stroll,STR,aston_martin,19,5,5,Finished,50,10.0,9
2023,21,Las Vegas Grand Prix,vegas,2023-11-19,sainz,SAI,ferrari,12,6,6,Finished,50,8.0,6
2023,21,Las Vegas Grand Prix,vegas,2023-11-19,hamilton,HAM,mercedes,10,7,7,Finished,50,6.0,4
2023,21,Las Vegas Grand Prix,vegas,2023-11-19,russell,RUS,mercedes,3,8,8,Finished,50,4.0,7
2023,21,Las Vegas Grand Prix,vegas,2023-11-19,alonso,ALO,aston_martin,9,9,9,Finished,50,2.0,8
2023,21,Las Vegas Grand Prix,vegas,2023-11-19,piastri,PIA,mclaren,18,10,10,Finished,50,2.0,1
2023,21,Las Vegas Grand Prix,vegas,2023-11-19,gasly,GAS,alpine,4,11,11,Finished,50,0.0,11
2023,21,Las Vegas Grand Prix,vegas,2023-11-19,albon,ALB,williams,5,12,12,Finished,50,0.0,13
2023,21,Las Vegas Grand Prix,vegas,2023-11-19,kevin_magnussen,MAG,haas,8,13,13,Finished,50,0.0,15
2023,21,Las Vegas Grand Prix,vegas,2023-11-19,ricciardo,RIC,alphatauri,14,14,14,Finished,50,0.0,12
2023,21,Las Vegas Grand Prix,vegas,2023-11-19,zhou,ZHO,alfa,17,15,15,Finished,50,0.0,14
2023,21,Las Vegas Grand Prix,vegas,2023-11-19,sargeant,SAR,williams,6,16,16,Finished,50,0.0,19
2023,21,Las Vegas Grand Prix,vegas,2023-11-19,bottas,BOT,alfa,7,17,17,Finished,50,0.0,16
2023,21,Las Vegas Grand Prix,vegas,2023-11-19,tsunoda,TSU,alphatauri,20,18,18,Retired,46,0.0,18
2023,21,Las Vegas Grand Prix,vegas,2023-11-19,hulkenberg,HUL,haas,13,19,19,Retired,45,0.0,17
2023,21,Las Vegas Grand Prix,vegas,2023-11-19,norris,NOR,mclaren,15,20,R,Retired,2,0.0,20
2023,22,Abu Dhabi Grand Prix,yas_marina,2023-11-26,max_verstappen,VER,red_bull,1,1,1,Finished,58,26.0,1
2023,22,Abu Dhabi Grand Prix,yas_marina,2023-11-26,leclerc,LEC,ferrari,2,2,2,Finished,58,18.0,8
2023,22,Abu Dhabi Grand Prix,yas_marina,2023-11-26,russell,RUS,mercedes,4,3,3,Finished,58,15.0,7
2023,22,Abu Dhabi Grand Prix,yas_marina,2023-11-26,perez,PER,red_bull,9,4,4,Finished,58,12.0,2
2023,22,Abu Dhabi Grand Prix,yas_marina,2023-11-26,norris,NOR,mclaren,5,5,5,Finished,58,10.0,6
2023,22,Abu Dhabi Grand Prix,yas_marina,2023-11-26,piastri,PIA,mclaren,3,6,6,Finished,58,8.0,5
2023,22,Abu Dhabi Grand Prix,yas_marina,2023-11-26,alonso,ALO,aston_martin,7,7,7,Finished,58,6.0,9
2023,22,Abu Dhabi Grand Prix,yas_marina,2023-11-26,tsunoda,TSU,alphatauri,6,8,8,Finished,58,4.0,16
2023,22,Abu Dhabi Grand Prix,yas_marina,2023-11-26,hamilton,HAM,mercedes,11,9,9,Finished,58,2.0,10
2023,22,Abu Dhabi Grand Prix,yas_marina,2023-11-26,stroll,STR,aston_martin,13,10,10,Finished,58,1.0,4
2023,22,Abu Dhabi Grand Prix,yas_marina,2023-11-26,ricciardo,RIC,alphatauri,15,11,11,Finished,58,0.0,11
2023,22,Abu Dhabi Grand Prix,yas_marina,2023-11-26,ocon,OCO,alpine,12,12,12,Finished,58,0.0,20
2023,22,Abu Dhabi Grand Prix,yas_marina,2023-11-26,gasly,GAS,alpine,10,13,13,Finished,58,0.0,14
2023,22,Abu Dhabi Grand Prix,yas_marina,2023-11-26,albon,ALB,williams,14,14,14,Finished,58,0.0,3
2023,22,Abu Dhabi Grand Prix,yas_marina,2023-11-26,hulkenberg,HUL,haas,8,15,15,Finished,58,0.0,15
2023,22,Abu Dhabi Grand Prix,yas_marina,2023-11-26,sargeant,SAR,williams,20,16,16,Finished,58,0.0,12
2023,22,Abu Dhabi Grand Prix,yas_marina,2023-11-26,zhou,ZHO,alfa,19,17,17,Finished,58,0.0,13
2023,22,Abu Dhabi Grand Prix,yas_marina,2023-11-26,sainz,SAI,ferrari,16,18,18,Retired,57,0.0,17
2023,22,Abu Dhabi Grand Prix,yas_marina,2023-11-26,bottas,BOT,alfa,18,19,19,Lapped,57,0.0,18
2023,22,Abu Dhabi Grand Prix,yas_marina,2023-11-26,kevin_magnussen,MAG,haas,17,20,20,Lapped,57,0.0,19
2024,1,Bahrain Grand Prix,bahrain,2024-03-02,max_verstappen,VER,red_bull,1,1,1,Finished,57,26.0,1
2024,1,Bahrain Grand Prix,bahrain,2024-03-02,perez,PER,red_bull,5,2,2,Finished,57,18.0,4
2024,1,Bahrain Grand Prix,bahrain,2024-03-02,sainz,SAI,ferrari,4,3,3,Finished,57,15.0,6
2024,1,Bahrain Grand Prix,bahrain,2024-03-02,leclerc,LEC,ferrari,2,4,4,Finished,57,12.0,2
2024,1,Bahrain Grand Prix,bahrain,2024-03-02,russell,RUS,mercedes,3,5,5,Finished,57,10.0,12
2024,1,Bahrain Grand Prix,bahrain,2024-03-02,norris,NOR,mclaren,7,6,6,Finished,57,8.0,5
2024,1,Bahrain Grand Prix,bahrain,2024-03-02,hamilton,HAM,mercedes,9,7,7,Finished,57,6.0,7
2024,1,Bahrain Grand Prix,bahrain,2024-03-02,piastri,PIA,mclaren,8,8,8,Finished,57,4.0,11
2024,1,Bahrain Grand Prix,bahrain,2024-03-02,alonso,ALO,aston_martin,6,9,9,Finished,57,2.0,3
2024,1,Bahrain Grand Prix,bahrain,2024-03-02,stroll,STR,aston_martin,12,10,10,Finished,57,1.0,16
2024,1,Bahrain Grand Prix,bahrain,2024-03-02,zhou,ZHO,sauber,17,11,11,Lapped,56,0.0,14
2024,1,Bahrain Grand Prix,bahrain,2024-03-02,kevin_magnussen,MAG,haas,15,12,12,Lapped,56,0.0,15
2024,1,Bahrain Grand Prix,bahrain,2024-03-02,ricciardo,RIC,rb,14,13,13,Lapped,56,0.0,13
2024,1,Bahrain Grand Prix,bahrain,2024-03-02,tsunoda,TSU,rb,11,14,14,Lapped,56,0.0,18
2024,1,Bahrain Grand Prix,bahrain,2024-03-02,albon,ALB,williams,13,15,15,Lapped,56,0.0,17
2024,1,Bahrain Grand Prix,bahrain,2024-03-02,hulkenberg,HUL,haas,10,16,16,Lapped,56,0.0,10
2024,1,Bahrain Grand Prix,bahrain,2024-03-02,ocon,OCO,alpine,19,17,17,Lapped,56,0.0,20
2024,1,Bahrain Grand Prix,bahrain,2024-03-02,gasly,GAS,alpine,20,18,18,Lapped,56,0.0,9
2024,1,Bahrain Grand Prix,bahrain,2024-03-02,bottas,BOT,sauber,16,19,19,Lapped,56,0.0,19
2024,1,Bahrain Grand Prix,bahrain,2024-03-02,sargeant,SAR,williams,18,20,20,Lapped,55,0.0,8
2024,2,Saudi Arabian Grand Prix,jeddah,2024-03-09,max_verstappen,VER,red_bull,1,1,1,Finished,50,25.0,3
2024,2,Saudi Arabian Grand Prix,jeddah,2024-03-09,perez,PER,red_bull,3,2,2,Finished,50,18.0,8
2024,2,Saudi Arabian Grand Prix,jeddah,2024-03-09,leclerc,LEC,ferrari,2,3,3,Finished,50,16.0,1
2024,2,Saudi Arabian Grand Prix,jeddah,2024-03-09,piastri,PIA,mclaren,5,4,4,Finished,50,12.0,10
2024,2,Saudi Arabian Grand Prix,jeddah,2024-03-09,alonso,ALO,aston_martin,4,5,5,Finished,50,10.0,13
2024,2,Saudi Arabian Grand Prix,jeddah,2024-03-09,russell,RUS,mercedes,7,6,6,Finished,50,8.0,7
2024,2,Saudi Arabian Grand Prix,jeddah,2024-03-09,bearman,BEA,ferrari,11,7,7,Finished,50,6.0,5
2024,2,Saudi Arabian Grand Prix,jeddah,2024-03-09,norris,NOR,mclaren,6,8,8,Finished,50,4.0,4
2024,2,Saudi Arabian Grand Prix,jeddah,2024-03-09,hamilton,HAM,mercedes,8,9,9,Finished,50,2.0,2
2024,2,Saudi Arabian Grand Prix,jeddah,2024-03-09,hulkenberg,HUL,haas,15,10,10,Finished,50,1.0,12
2024,2,Saudi Arabian Grand Prix,jeddah,2024-03-09,albon,ALB,williams,12,11,11,Finished,50,0.0,9
2024,2,Saudi Arabian Grand Prix,jeddah,2024-03-09,kevin_magnussen,MAG,haas,13,12,12,Finished,50,0.0,11
2024,2,Saudi Arabian Grand Prix,jeddah,2024-03-09,ocon,OCO,alpine,17,13,13,Lapped,49,0.0,17
2024,2,Saudi Arabian Grand Prix,jeddah,2024-03-09,sargeant,SAR,williams,19,14,14,Lapped,49,0.0,15
2024,2,Saudi Arabian Grand Prix,jeddah,2024-03-09,tsunoda,TSU,rb,9,15,15,Lapped,49,0.0,18
2024,2,Saudi Arabian Grand Prix,jeddah,2024-03-09,ricciardo,RIC,rb,14,16,16,Lapped,49,0.0,16
2024,2,Saudi Arabian Grand Prix,jeddah,2024-03-09,bottas,BOT,sauber,16,17,17,Lapped,49,0.0,14
2024,2,Saudi Arabian Grand Prix,jeddah,2024-03-09,zhou,ZHO,sauber,20,18,18,Lapped,49,0.0,6
2024,2,Saudi Arabian Grand Prix,jeddah,2024-03-09,stroll,STR,aston_martin,10,19,R,Retired,5,0.0,19
2024,2,Saudi Arabian Grand Prix,jeddah,2024-03-09,gasly,GAS,alpine,18,20,R,Retired,1,0.0,0
2024,3,Australian Grand Prix,albert_park,2024-03-24,sainz,SAI,ferrari,2,1,1,Finished,58,25.0,3
2024,3,Australian Grand Prix,albert_park,2024-03-24,leclerc,LEC,ferrari,4,2,2,Finished,58,19.0,1
2024,3,Australian Grand Prix,albert_park,2024-03-24,norris,NOR,mclaren,3,3,3,Finished,58,15.0,2
2024,3,Australian Grand Prix,albert_park,2024-03-24,piastri,PIA,mclaren,5,4,4,Finished,58,12.0,4
2024,3,Australian Grand Prix,albert_park,2024-03-24,perez,PER,red_bull,6,5,5,Finished,58,10.0,6
2024,3,Australian Grand Prix,albert_park,2024-03-24,stroll,STR,aston_martin,9,6,6,Finished,58,8.0,8
2024,3,Australian Grand Prix,albert_park,2024-03-24,tsunoda,TSU,rb,8,7,7,Finished,58,6.0,11
2024,3,Australian Grand Prix,albert_park,2024-03-24,alonso,ALO,aston_martin,10,8,8,Finished,58,4.0,7
2024,3,Australian Grand Prix,albert_park,2024-03-24,hulkenberg,HUL,haas,16,9,9,Finished,58,2.0,12
2024,3,Australian Grand Prix,albert_park,2024-03-24,kevin_magnussen,MAG,haas,14,10,10,Lapped,57,1.0,9
2024,3,Australian Grand Prix,albert_park,2024-03-24,albon,ALB,williams,12,11,11,Lapped,57,0.0,17
2024,3,Australian Grand Prix,albert_park,2024-03-24,ricciardo,RIC,rb,18,12,12,Lapped,57,0.0,13
2024,3,Australian Grand Prix,albert_park,2024-03-24,gasly,GAS,alpine,17,13,13,Lapped,57,0.0,10
2024,3,Australian Grand Prix,albert_park,2024-03-24,bottas,BOT,sauber,13,14,14,Lapped,57,0.0,16
2024,3,Australian Grand Prix,albert_park,2024-03-24,zhou,ZHO,sauber,19,15,15,Lapped,57,0.0,14
2024,3,Australian Grand Prix,albert_park,2024-03-24,ocon,OCO,alpine,15,16,16,Lapped,57,0.0,15
2024,3,Australian Grand Prix,albert_park,2024-03-24,russell,RUS,mercedes,7,17,17,Retired,56,0.0,5
2024,3,Australian Grand Prix,albert_park,2024-03-24,hamilton,HAM,mercedes,11,18,R,Retired,15,0.0,18
2024,3,Australian Grand Prix,albert_park,2024-03-24,max_verstappen,VER,red_bull,1,19,R,Retired,3,0.0,19
2024,4,Japanese Grand Prix,suzuka,2024-04-07,max_verstappen,VER,red_bull,1,1,1,Finished,53,26.0,1
2024,4,Japanese Grand Prix,suzuka,2024-04-07,perez,PER,red_bull,2,2,2,Finished,53,18.0,3
2024,4,Japanese Grand Prix,suzuka,2024-04-07,sainz,SAI,ferrari,4,3,3,Finished,53,15.0,2
2024,4,Japanese Grand Prix,suzuka,2024-04-07,leclerc,LEC,ferrari,8,4,4,Finished,53,12.0,9
2024,4,Japanese Grand Prix,suzuka,2024-04-07,norris,NOR,mclaren,3,5,5,Finished,53,10.0,10
2024,4,Japanese Grand Prix,suzuka,2024-04-07,alonso,ALO,aston_martin,5,6,6,Finished,53,8.0,6
2024,4,Japanese Grand Prix,suzuka,2024-04-07,russell,RUS,mercedes,9,7,7,Finished,53,6.0,5
2024,4,Japanese Grand Prix,suzuka,2024-04-07,piastri,PIA,mclaren,6,8,8,Finished,53,4.0,7
2024,4,Japanese Grand Prix,suzuka,2024-04-07,hamilton,HAM,mercedes,7,9,9,Finished,53,2.0,4
2024,4,Japanese Grand Prix,suzuka,2024-04-07,tsunoda,TSU,rb,10,10,10,Lapped,52,1.0,14
2024,4,Japanese Grand Prix,suzuka,2024-04-07,hulkenberg,HUL,haas,12,11,11,Lapped,52,0.0,11
2024,4,Japanese Grand Prix,suzuka,2024-04-07,stroll,STR,aston_martin,16,12,12,Lapped,52,0.0,12
2024,4,Japanese Grand Prix,suzuka,2024-04-07,kevin_magnussen,MAG,haas,18,13,13,Lapped,52,0.0,17
2024,4,Japanese Grand Prix,suzuka,2024-04-07,bottas,BOT,sauber,13,14,14,Lapped,52,0.0,15
2024,4,Japanese Grand Prix,suzuka,2024-04-07,ocon,OCO,alpine,15,15,15,Lapped,52,0.0,13
2024,4,Japanese Grand Prix,suzuka,2024-04-07,gasly,GAS,alpine,17,16,16,Lapped,52,0.0,16
2024,4,Japanese Grand Prix,suzuka,2024-04-07,sargeant,SAR,williams,19,17,17,Lapped,52,0.0,8
2024,4,Japanese Grand Prix,suzuka,2024-04-07,zhou,ZHO,sauber,20,18,R,Retired,12,0.0,18
2024,4,Japanese Grand Prix,suzuka,2024-04-07,ricciardo,RIC,rb,11,19,R,Retired,0,0.0,0
2024,4,Japanese Grand Prix,suzuka,2024-04-07,albon,ALB,williams,14,20,R,Retired,0,0.0,0
2024,5,Chinese Grand Prix,shanghai,2024-04-21,max_verstappen,VER,red_bull,1,1,1,Finished,56,25.0,2
2024,5,Chinese Grand Prix,shanghai,2024-04-21,norris,NOR,mclaren,4,2,2,Finished,56,18.0,4
2024,5,Chinese Grand Prix,shanghai,2024-04-21,perez,PER,red_bull,2,3,3,Finished,56,15.0,7
2024,5,Chinese Grand Prix,shanghai,2024-04-21,leclerc,LEC,ferrari,6,4,4,Finished,56,12.0,6
2024,5,Chinese Grand Prix,shanghai,2024-04-21,sainz,SAI,ferrari,7,5,5,Finished,56,10.0,10
2024,5,Chinese Grand Prix,shanghai,2024-04-21,russell,RUS,mercedes,8,6,6,Finished,56,8.0,11
2024,5,Chinese Grand Prix,shanghai,2024-04-21,alonso,ALO,aston_martin,3,7,7,Finished,56,7.0,1
2024,5,Chinese Grand Prix,shanghai,2024-04-21,piastri,PIA,mclaren,5,8,8,Finished,56,4.0,9
2024,5,Chinese Grand Prix,shanghai,2024-04-21,hamilton,HAM,mercedes,18,9,9,Finished,56,2.0,14
2024,5,Chinese Grand Prix,shanghai,2024-04-21,hulkenberg,HUL,haas,9,10,10,Finished,56,1.0,13
2024,5,Chinese Grand Prix,shanghai,2024-04-21,ocon,OCO,alpine,13,11,11,Finished,56,0.0,15
2024,5,Chinese Grand Prix,shanghai,2024-04-21,albon,ALB,williams,14,12,12,Finished,56,0.0,12
2024,5,Chinese Grand Prix,shanghai,2024-04-21,gasly,GAS,alpine,15,13,13,Finished,56,0.0,5
2024,5,Chinese Grand Prix,shanghai,2024-04-21,zhou,ZHO,sauber,16,14,14,Finished,56,0.0,3
2024,5,Chinese Grand Prix,shanghai,2024-04-21,stroll,STR,aston_martin,11,15,15,Finished,56,0.0,8
2024,5,Chinese Grand Prix,shanghai,2024-04-21,kevin_magnussen,MAG,haas,17,16,16,Finished,56,0.0,18
2024,5,Chinese Grand Prix,shanghai,2024-04-21,sargeant,SAR,williams,20,17,17,Finished,56,0.0,17
2024,5,Chinese Grand Prix,shanghai,2024-04-21,ricciardo,RIC,rb,12,18,R,Retired,33,0.0,16
2024,5,Chinese Grand Prix,shanghai,2024-04-21,tsunoda,TSU,rb,19,19,R,Retired,26,0.0,20
2024,5,Chinese Grand Prix,shanghai,2024-04-21,bottas,BOT,sauber,10,20,R,Retired,19,0.0,19
2024,6,Miami Grand Prix,miami,2024-05-05,norris,NOR,mclaren,5,1,1,Finished,57,25.0,5
2024,6,Miami Grand Prix,miami,2024-05-05,max_verstappen,VER,red_bull,1,2,2,Finished,57,18.0,8
2024,6,Miami Grand Prix,miami,2024-05-05,leclerc,LEC,ferrari,2,3,3,Finished,57,15.0,6
2024,6,Miami Grand Prix,miami,2024-05-05,perez,PER,red_bull,4,4,4,Finished,57,12.0,3
2024,6,Miami Grand Prix,miami,2024-05-05,sainz,SAI,ferrari,3,5,5,Finished,57,10.0,4
2024,6,Miami Grand Prix,miami,2024-05-05,hamilton,HAM,mercedes,8,6,6,Finished,57,8.0,7
2024,6,Miami Grand Prix,miami,2024-05-05,tsunoda,TSU,rb,10,7,7,Finished,57,6.0,10
2024,6,Miami Grand Prix,miami,2024-05-05,russell,RUS,mercedes,7,8,8,Finished,57,4.0,13
2024,6,Miami Grand Prix,miami,2024-05-05,alonso,ALO,aston_martin,15,9,9,Finished,57,2.0,11
2024,6,Miami Grand Prix,miami,2024-05-05,ocon,OCO,alpine,13,10,10,Finished,57,1.0,16
2024,6,Miami Grand Prix,miami,2024-05-05,hulkenberg,HUL,haas,9,11,11,Finished,57,0.0,14
2024,6,Miami Grand Prix,miami,2024-05-05,gasly,GAS,alpine,12,12,12,Finished,57,0.0,17
2024,6,Miami Grand Prix,miami,2024-05-05,piastri,PIA,mclaren,6,13,13,Finished,57,0.0,1
2024,6,Miami Grand Prix,miami,2024-05-05,zhou,ZHO,sauber,19,14,14,Finished,57,0.0,15
2024,6,Miami Grand Prix,miami,2024-05-05,ricciardo,RIC,rb,20,15,15,Finished,57,0.0,19
2024,6,Miami Grand Prix,miami,2024-05-05,bottas,BOT,sauber,16,16,16,Finished,57,0.0,18
2024,6,Miami Grand Prix,miami,2024-05-05,stroll,STR,aston_martin,11,17,17,Finished,57,0.0,9
2024,6,Miami Grand Prix,miami,2024-05-05,albon,ALB,williams,14,18,18,Finished,57,0.0,2
2024,6,Miami Grand Prix,miami,2024-05-05,kevin_magnussen,MAG,haas,18,19,19,Finished,57,0.0,12
2024,6,Miami Grand Prix,miami,2024-05-05,sargeant,SAR,williams,17,20,R,Retired,27,0.0,20
2024,7,Emilia Romagna Grand Prix,imola,2024-05-19,max_verstappen,VER,red_bull,1,1,1,Finished,63,25.0,9
2024,7,Emilia Romagna Grand Prix,imola,2024-05-19,norris,NOR,mclaren,2,2,2,Finished,63,18.0,6
2024,7,Emilia Romagna Grand Prix,imola,2024-05-19,leclerc,LEC,ferrari,3,3,3,Finished,63,15.0,5
2024,7,Emilia Romagna Grand Prix,imola,2024-05-19,piastri,PIA,mclaren,5,4,4,Finished,63,12.0,4
2024,7,Emilia Romagna Grand Prix,imola,2024-05-19,sainz,SAI,ferrari,4,5,5,Finished,63,10.0,7
2024,7,Emilia Romagna Grand Prix,imola,2024-05-19,hamilton,HAM,mercedes,8,6,6,Finished,63,8.0,8
2024,7,Emilia Romagna Grand Prix,imola,2024-05-19,russell,RUS,mercedes,6,7,7,Finished,63,7.0,1
2024,7,Emilia Romagna Grand Prix,imola,2024-05-19,perez,PER,red_bull,11,8,8,Finished,63,4.0,3
2024,7,Emilia Romagna Grand Prix,imola,2024-05-19,stroll,STR,aston_martin,13,9,9,Finished,63,2.0,10
2024,7,Emilia Romagna Grand Prix,imola,2024-05-19,tsunoda,TSU,rb,7,10,10,Lapped,62,1.0,11
2024,7,Emilia Romagna Grand Prix,imola,2024-05-19,hulkenberg,HUL,haas,10,11,11,Lapped,62,0.0,20
2024,7,Emilia Romagna Grand Prix,imola,2024-05-19,kevin_magnussen,MAG,haas,18,12,12,Lapped,62,0.0,12
2024,7,Emilia Romagna Grand Prix,imola,2024-05-19,ricciardo,RIC,rb,9,13,13,Lapped,62,0.0,19
2024,7,Emilia Romagna Grand Prix,imola,2024-05-19,ocon,OCO,alpine,12,14,14,Lapped,62,0.0,16
2024,7,Emilia Romagna Grand Prix,imola,2024-05-19,zhou,ZHO,sauber,17,15,15,Lapped,62,0.0,13
2024,7,Emilia Romagna Grand Prix,imola,2024-05-19,gasly,GAS,alpine,15,16,16,Lapped,62,0.0,17
2024,7,Emilia Romagna Grand Prix,imola,2024-05-19,sargeant,SAR,williams,19,17,17,Lapped,62,0.0,14
2024,7,Emilia Romagna Grand Prix,imola,2024-05-19,bottas,BOT,sauber,16,18,18,Lapped,62,0.0,18
2024,7,Emilia Romagna Grand Prix,imola,2024-05-19,alonso,ALO,aston_martin,20,19,19,Lapped,62,0.0,2
2024,7,Emilia Romagna Grand Prix,imola,2024-05-19,albon,ALB,williams,14,20,R,Retired,51,0.0,15
2024,8,Monaco Grand Prix,monaco,2024-05-26,leclerc,LEC,ferrari,1,1,1,Finished,78,25.0,6
2024,8,Monaco Grand Prix,monaco,2024-05-26,piastri,PIA,mclaren,2,2,2,Finished,78,18.0,11
2024,8,Monaco Grand Prix,monaco,2024-05-26,sainz,SAI,ferrari,3,3,3,Finished,78,15.0,5
2024,8,Monaco Grand Prix,monaco,2024-05-26,norris,NOR,mclaren,4,4,4,Finished,78,12.0,10
2024,8,Monaco Grand Prix,monaco,2024-05-26,russell,RUS,mercedes,5,5,5,Finished,78,10.0,7
2024,8,Monaco Grand Prix,monaco,2024-05-26,max_verstappen,VER,red_bull,6,6,6,Finished,78,8.0,2
2024,8,Monaco Grand Prix,monaco,2024-05-26,hamilton,HAM,mercedes,7,7,7,Finished,78,7.0,1
2024,8,Monaco Grand Prix,monaco,2024-05-26,tsunoda,TSU,rb,8,8,8,Lapped,77,4.0,4
2024,8,Monaco Grand Prix,monaco,2024-05-26,albon,ALB,williams,9,9,9,Lapped,77,2.0,14
2024,8,Monaco Grand Prix,monaco,2024-05-26,gasly,GAS,alpine,10,10,10,Lapped,77,1.0,9
2024,8,Monaco Grand Prix,monaco,2024-05-26,alonso,ALO,aston_martin,14,11,11,Lapped,76,0.0,16
2024,8,Monaco Grand Prix,monaco,2024-05-26,ricciardo,RIC,rb,12,12,12,Lapped,76,0.0,15
2024,8,Monaco Grand Prix,monaco,2024-05-26,bottas,BOT,sauber,17,13,13,Lapped,76,0.0,12
2024,8,Monaco Grand Prix,monaco,2024-05-26,stroll,STR,aston_martin,13,14,14,Lapped,76,0.0,13
2024,8,Monaco Grand Prix,monaco,2024-05-26,sargeant,SAR,williams,15,15,15,Lapped,76,0.0,8
2024,8,Monaco Grand Prix,monaco,2024-05-26,zhou,ZHO,sauber,18,16,16,Lapped,76,0.0,3
2024,8,Monaco Grand Prix,monaco,2024-05-26,ocon,OCO,alpine,11,17,R,Retired,0,0.0,0
2024,8,Monaco Grand Prix,monaco,2024-05-26,perez,PER,red_bull,16,18,R,Retired,0,0.0,0
2024,8,Monaco Grand Prix,monaco,2024-05-26,hulkenberg,HUL,haas,19,19,R,Retired,0,0.0,0
2024,8,Monaco Grand Prix,monaco,2024-05-26,kevin_magnussen,MAG,haas,20,20,R,Retired,0,0.0,0
2024,9,Canadian Grand Prix,villeneuve,2024-06-09,max_verstappen,VER,red_bull,2,1,1,Finished,70,25.0,4
2024,9,Canadian Grand Prix,villeneuve,2024-06-09,norris,NOR,mclaren,3,2,2,Finished,70,18.0,3
2024,9,Canadian Grand Prix,villeneuve,2024-06-09,russell,RUS,mercedes,1,3,3,Finished,70,15.0,2
2024,9,Canadian Grand Prix,villeneuve,2024-06-09,hamilton,HAM,mercedes,7,4,4,Finished,70,13.0,1
2024,9,Canadian Grand Prix,villeneuve,2024-06-09,piastri,PIA,mclaren,4,5,5,Finished,70,10.0,5
2024,9,Canadian Grand Prix,villeneuve,2024-06-09,alonso,ALO,aston_martin,6,6,6,Finished,70,8.0,6
2024,9,Canadian Grand Prix,villeneuve,2024-06-09,stroll,STR,aston_martin,9,7,7,Finished,70,6.0,9
2024,9,Canadian Grand Prix,villeneuve,2024-06-09,ricciardo,RIC,rb,5,8,8,Finished,70,4.0,12
2024,9,Canadian Grand Prix,villeneuve,2024-06-09,gasly,GAS,alpine,15,9,9,Finished,70,2.0,11
2024,9,Canadian Grand Prix,villeneuve,2024-06-09,ocon,OCO,alpine,18,10,10,Finished,70,1.0,10
2024,9,Canadian Grand Prix,villeneuve,2024-06-09,hulkenberg,HUL,haas,17,11,11,Finished,70,0.0,8
2024,9,Canadian Grand Prix,villeneuve,2024-06-09,kevin_magnussen,MAG,haas,14,12,12,Finished,70,0.0,7
2024,9,Canadian Grand Prix,villeneuve,2024-06-09,bottas,BOT,sauber,19,13,13,Finished,70,0.0,13
2024,9,Canadian Grand Prix,villeneuve,2024-06-09,tsunoda,TSU,rb,8,14,14,Finished,70,0.0,14
2024,9,Canadian Grand Prix,villeneuve,2024-06-09,zhou,ZHO,sauber,20,15,15,Lapped,69,0.0,15
2024,9,Canadian Grand Prix,villeneuve,2024-06-09,sainz,SAI,ferrari,12,16,R,Retired,52,0.0,17
2024,9,Canadian Grand Prix,villeneuve,2024-06-09,albon,ALB,williams,10,17,R,Retired,52,0.0,18
2024,9,Canadian Grand Prix,villeneuve,2024-06-09,perez,PER,red_bull,16,18,R,Retired,51,0.0,16
2024,9,Canadian Grand Prix,villeneuve,2024-06-09,leclerc,LEC,ferrari,11,19,R,Retired,40,0.0,19
2024,9,Canadian Grand Prix,villeneuve,2024-06-09,sargeant,SAR,williams,13,20,R,Retired,23,0.0,20
2024,10,Spanish Grand Prix,catalunya,2024-06-23,max_verstappen,VER,red_bull,2,1,1,Finished,66,25.0,2
2024,10,Spanish Grand Prix,catalunya,2024-06-23,norris,NOR,mclaren,1,2,2,Finished,66,19.0,1
2024,10,Spanish Grand Prix,catalunya,2024-06-23,hamilton,HAM,mercedes,3,3,3,Finished,66,15.0,4
2024,10,Spanish Grand Prix,catalunya,2024-06-23,russell,RUS,mercedes,4,4,4,Finished,66,12.0,7
2024,10,Spanish Grand Prix,catalunya,2024-06-23,leclerc,LEC,ferrari,5,5,5,Finished,66,10.0,6
2024,10,Spanish Grand Prix,catalunya,2024-06-23,sainz,SAI,ferrari,6,6,6,Finished,66,8.0,9
2024,10,Spanish Grand Prix,catalunya,2024-06-23,piastri,PIA,mclaren,9,7,7,Finished,66,6.0,5
2024,10,Spanish Grand Prix,catalunya,2024-06-23,perez,PER,red_bull,11,8,8,Finished,66,4.0,3
2024,10,Spanish Grand Prix,catalunya,2024-06-23,gasly,GAS,alpine,7,9,9,Finished,66,2.0,13
2024,10,Spanish Grand Prix,catalunya,2024-06-23,ocon,OCO,alpine,8,10,10,Finished,66,1.0,12
2024,10,Spanish Grand Prix,catalunya,2024-06-23,hulkenberg,HUL,haas,13,11,11,Finished,66,0.0,10
2024,10,Spanish Grand Prix,catalunya,2024-06-23,alonso,ALO,aston_martin,10,12,12,Lapped,65,0.0,8
2024,10,Spanish Grand Prix,catalunya,2024-06-23,zhou,ZHO,sauber,15,13,13,Lapped,65,0.0,11
2024,10,Spanish Grand Prix,catalunya,2024-06-23,stroll,STR,aston_martin,14,14,14,Lapped,65,0.0,15
2024,10,Spanish Grand Prix,catalunya,2024-06-23,ricciardo,RIC,rb,18,15,15,Lapped,65,0.0,17
2024,10,Spanish Grand Prix,catalunya,2024-06-23,bottas,BOT,sauber,12,16,16,Lapped,65,0.0,18
2024,10,Spanish Grand Prix,catalunya,2024-06-23,kevin_magnussen,MAG,haas,16,17,17,Lapped,65,0.0,19
2024,10,Spanish Grand Prix,catalunya,2024-06-23,albon,ALB,williams,20,18,18,Lapped,65,0.0,14
2024,10,Spanish Grand Prix,catalunya,2024-06-23,tsunoda,TSU,rb,17,19,19,Lapped,65,0.0,16
2024,10,Spanish Grand Prix,catalunya,2024-06-23,sargeant,SAR,williams,19,20,20,Lapped,64,0.0,20
2024,11,Austrian Grand Prix,red_bull_ring,2024-06-30,russell,RUS,mercedes,3,1,1,Finished,71,25.0,5
2024,11,Austrian Grand Prix,red_bull_ring,2024-06-30,piastri,PIA,mclaren,7,2,2,Finished,71,18.0,4
2024,11,Austrian Grand Prix,red_bull_ring,2024-06-30,sainz,SAI,ferrari,4,3,3,Finished,71,15.0,6
2024,11,Austrian Grand Prix,red_bull_ring,2024-06-30,hamilton,HAM,mercedes,5,4,4,Finished,71,12.0,7
2024,11,Austrian Grand Prix,red_bull_ring,2024-06-30,max_verstappen,VER,red_bull,1,5,5,Finished,71,10.0,2
2024,11,Austrian Grand Prix,red_bull_ring,2024-06-30,hulkenberg,HUL,haas,9,6,6,Finished,71,8.0,14
2024,11,Austrian Grand Prix,red_bull_ring,2024-06-30,perez,PER,red_bull,8,7,7,Finished,71,6.0,11
2024,11,Austrian Grand Prix,red_bull_ring,2024-06-30,kevin_magnussen,MAG,haas,12,8,8,Finished,71,4.0,12
2024,11,Austrian Grand Prix,red_bull_ring,2024-06-30,ricciardo,RIC,rb,11,9,9,Finished,71,2.0,18
2024,11,Austrian Grand Prix,red_bull_ring,2024-06-30,gasly,GAS,alpine,13,10,10,Finished,71,1.0,9
2024,11,Austrian Grand Prix,red_bull_ring,2024-06-30,leclerc,LEC,ferrari,6,11,11,Finished,71,0.0,8
2024,11,Austrian Grand Prix,red_bull_ring,2024-06-30,ocon,OCO,alpine,10,12,12,Finished,71,0.0,10
2024,11,Austrian Grand Prix,red_bull_ring,2024-06-30,stroll,STR,aston_martin,17,13,13,Lapped,70,0.0,13
2024,11,Austrian Grand Prix,red_bull_ring,2024-06-30,tsunoda,TSU,rb,14,14,14,Lapped,70,0.0,15
2024,11,Austrian Grand Prix,red_bull_ring,2024-06-30,albon,ALB,williams,16,15,15,Lapped,70,0.0,16
2024,11,Austrian Grand Prix,red_bull_ring,2024-06-30,bottas,BOT,sauber,18,16,16,Lapped,70,0.0,19
2024,11,Austrian Grand Prix,red_bull_ring,2024-06-30,zhou,ZHO,sauber,20,17,17,Lapped,70,0.0,20
2024,11,Austrian Grand Prix,red_bull_ring,2024-06-30,alonso,ALO,aston_martin,15,18,18,Lapped,70,0.0,1
2024,11,Austrian Grand Prix,red_bull_ring,2024-06-30,sargeant,SAR,williams,19,19,19,Lapped,69,0.0,17
2024,11,Austrian Grand Prix,red_bull_ring,2024-06-30,norris,NOR,mclaren,2,20,20,Lapped,64,0.0,3
2024,12,British Grand Prix,silverstone,2024-07-07,hamilton,HAM,mercedes,2,1,1,Finished,52,25.0,5
2024,12,British Grand Prix,silverstone,2024-07-07,max_verstappen,VER,red_bull,4,2,2,Finished,52,18.0,3
2024,12,British Grand Prix,silverstone,2024-07-07,norris,NOR,mclaren,3,3,3,Finished,52,15.0,4
2024,12,British Grand Prix,silverstone,2024-07-07,piastri,PIA,mclaren,5,4,4,Finished,52,12.0,2
2024,12,British Grand Prix,silverstone,2024-07-07,sainz,SAI,ferrari,7,5,5,Finished,52,11.0,1
2024,12,British Grand Prix,silverstone,2024-07-07,hulkenberg,HUL,haas,6,6,6,Finished,52,8.0,10
2024,12,British Grand Prix,silverstone,2024-07-07,stroll,STR,aston_martin,8,7,7,Finished,52,6.0,11
2024,12,British Grand Prix,silverstone,2024-07-07,alonso,ALO,aston_martin,10,8,8,Finished,52,4.0,7
2024,12,British Grand Prix,silverstone,2024-07-07,albon,ALB,williams,9,9,9,Finished,52,2.0,8
2024,12,British Grand Prix,silverstone,2024-07-07,tsunoda,TSU,rb,13,10,10,Finished,52,1.0,14
2024,12,British Grand Prix,silverstone,2024-07-07,sargeant,SAR,williams,12,11,11,Finished,52,0.0,12
2024,12,British Grand Prix,silverstone,2024-07-07,kevin_magnussen,MAG,haas,17,12,12,Finished,52,0.0,13
2024,12,British Grand Prix,silverstone,2024-07-07,ricciardo,RIC,rb,15,13,13,Lapped,51,0.0,15
2024,12,British Grand Prix,silverstone,2024-07-07,leclerc,LEC,ferrari,11,14,14,Lapped,51,0.0,9
2024,12,British Grand Prix,silverstone,2024-07-07,bottas,BOT,sauber,16,15,15,Lapped,51,0.0,18
2024,12,British Grand Prix,silverstone,2024-07-07,ocon,OCO,alpine,18,16,16,Lapped,50,0.0,16
2024,12,British Grand Prix,silverstone,2024-07-07,perez,PER,red_bull,20,17,17,Lapped,50,0.0,6
2024,12,British Grand Prix,silverstone,2024-07-07,zhou,ZHO,sauber,14,18,18,Lapped,50,0.0,17
2024,12,British Grand Prix,silverstone,2024-07-07,russell,RUS,mercedes,1,19,R,Retired,33,0.0,19
2024,12,British Grand Prix,silverstone,2024-07-07,gasly,GAS,alpine,19,20,W,Did not start,0,0.0,0
2024,13,Hungarian Grand Prix,hungaroring,2024-07-21,piastri,PIA,mclaren,2,1,1,Finished,70,25.0,8
2024,13,Hungarian Grand Prix,hungaroring,2024-07-21,norris,NOR,mclaren,1,2,2,Finished,70,18.0,7
2024,13,Hungarian Grand Prix,hungaroring,2024-07-21,hamilton,HAM,mercedes,5,3,3,Finished,70,15.0,9
2024,13,Hungarian Grand Prix,hungaroring,2024-07-21,leclerc,LEC,ferrari,6,4,4,Finished,70,12.0,10
2024,13,Hungarian Grand Prix,hungaroring,2024-07-21,max_verstappen,VER,red_bull,3,5,5,Finished,70,10.0,3
2024,13,Hungarian Grand Prix,hungaroring,2024-07-21,sainz,SAI,ferrari,4,6,6,Finished,70,8.0,5
2024,13,Hungarian Grand Prix,hungaroring,2024-07-21,perez,PER,red_bull,16,7,7,Finished,70,6.0,4
2024,13,Hungarian Grand Prix,hungaroring,2024-07-21,russell,RUS,mercedes,17,8,8,Finished,70,5.0,1
2024,13,Hungarian Grand Prix,hungaroring,2024-07-21,tsunoda,TSU,rb,10,9,9,Finished,70,2.0,18
2024,13,Hungarian Grand Prix,hungaroring,2024-07-21,stroll,STR,aston_martin,8,10,10,Finished,70,1.0,11
2024,13,Hungarian Grand Prix,hungaroring,2024-07-21,alonso,ALO,aston_martin,7,11,11,Finished,70,0.0,14
2024,13,Hungarian Grand Prix,hungaroring,2024-07-21,ricciardo,RIC,rb,9,12,12,Lapped,69,0.0,12
2024,13,Hungarian Grand Prix,hungaroring,2024-07-21,hulkenberg,HUL,haas,11,13,13,Lapped,69,0.0,16
2024,13,Hungarian Grand Prix,hungaroring,2024-07-21,albon,ALB,williams,13,14,14,Lapped,69,0.0,20
2024,13,Hungarian Grand Prix,hungaroring,2024-07-21,kevin_magnussen,MAG,haas,15,15,15,Lapped,69,0.0,19
2024,13,Hungarian Grand Prix,hungaroring,2024-07-21,bottas,BOT,sauber,12,16,16,Lapped,69,0.0,13
2024,13,Hungarian Grand Prix,hungaroring,2024-07-21,sargeant,SAR,williams,14,17,17,Lapped,69,0.0,2
2024,13,Hungarian Grand Prix,hungaroring,2024-07-21,ocon,OCO,alpine,19,18,18,Lapped,69,0.0,6
2024,13,Hungarian Grand Prix,hungaroring,2024-07-21,zhou,ZHO,sauber,18,19,19,Lapped,69,0.0,17
2024,13,Hungarian Grand Prix,hungaroring,2024-07-21,gasly,GAS,alpine,20,20,R,Retired,33,0.0,15
2024,14,Belgian Grand Prix,spa,2024-07-28,hamilton,HAM,mercedes,3,1,1,Finished,44,25.0,6
2024,14,Belgian Grand Prix,spa,2024-07-28,piastri,PIA,mclaren,5,2,2,Finished,44,18.0,3
2024,14,Belgian Grand Prix,spa,2024-07-28,leclerc,LEC,ferrari,1,3,3,Finished,44,15.0,8
2024,14,Belgian Grand Prix,spa,2024-07-28,max_verstappen,VER,red_bull,11,4,4,Finished,44,12.0,4
2024,14,Belgian Grand Prix,spa,2024-07-28,norris,NOR,mclaren,4,5,5,Finished,44,10.0,2
2024,14,Belgian Grand Prix,spa,2024-07-28,sainz,SAI,ferrari,7,6,6,Finished,44,8.0,5
2024,14,Belgian Grand Prix,spa,2024-07-28,perez,PER,red_bull,2,7,7,Finished,44,7.0,1
2024,14,Belgian Grand Prix,spa,2024-07-28,alonso,ALO,aston_martin,8,8,8,Finished,44,4.0,17
2024,14,Belgian Grand Prix,spa,2024-07-28,ocon,OCO,alpine,9,9,9,Finished,44,2.0,7
2024,14,Belgian Grand Prix,spa,2024-07-28,ricciardo,RIC,rb,13,10,10,Finished,44,1.0,12
2024,14,Belgian Grand Prix,spa,2024-07-28,stroll,STR,aston_martin,15,11,11,Finished,44,0.0,18
2024,14,Belgian Grand Prix,spa,2024-07-28,albon,ALB,williams,10,12,12,Finished,44,0.0,16
2024,14,Belgian Grand Prix,spa,2024-07-28,gasly,GAS,alpine,12,13,13,Finished,44,0.0,11
2024,14,Belgian Grand Prix,spa,2024-07-28,kevin_magnussen,MAG,haas,17,14,14,Finished,44,0.0,14
2024,14,Belgian Grand Prix,spa,2024-07-28,bottas,BOT,sauber,14,15,15,Finished,44,0.0,9
2024,14,Belgian Grand Prix,spa,2024-07-28,tsunoda,TSU,rb,20,16,16,Finished,44,0.0,15
2024,14,Belgian Grand Prix,spa,2024-07-28,sargeant,SAR,williams,18,17,17,Finished,44,0.0,13
2024,14,Belgian Grand Prix,spa,2024-07-28,hulkenberg,HUL,haas,16,18,18,Finished,44,0.0,19
2024,14,Belgian Grand Prix,spa,2024-07-28,zhou,ZHO,sauber,19,19,R,Retired,5,0.0,20
2024,14,Belgian Grand Prix,spa,2024-07-28,russell,RUS,mercedes,6,20,20,Disqualified,44,0.0,10
2024,15,Dutch Grand Prix,zandvoort,2024-08-25,norris,NOR,mclaren,1,1,1,Finished,72,26.0,1
2024,15,Dutch Grand Prix,zandvoort,2024-08-25,max_verstappen,VER,red_bull,2,2,2,Finished,72,18.0,9
2024,15,Dutch Grand Prix,zandvoort,2024-08-25,leclerc,LEC,ferrari,6,3,3,Finished,72,15.0,7
2024,15,Dutch Grand Prix,zandvoort,2024-08-25,piastri,PIA,mclaren,3,4,4,Finished,72,12.0,5
2024,15,Dutch Grand Prix,zandvoort,2024-08-25,sainz,SAI,ferrari,10,5,5,Finished,72,10.0,4
2024,15,Dutch Grand Prix,zandvoort,2024-08-25,perez,PER,red_bull,5,6,6,Finished,72,8.0,8
2024,15,Dutch Grand Prix,zandvoort,2024-08-25,russell,RUS,mercedes,4,7,7,Finished,72,6.0,3
2024,15,Dutch Grand Prix,zandvoort,2024-08-25,hamilton,HAM,mercedes,14,8,8,Finished,72,4.0,2
2024,15,Dutch Grand Prix,zandvoort,2024-08-25,gasly,GAS,alpine,9,9,9,Lapped,71,2.0,11
2024,15,Dutch Grand Prix,zandvoort,2024-08-25,alonso,ALO,aston_martin,7,10,10,Lapped,71,1.0,10
2024,15,Dutch Grand Prix,zandvoort,2024-08-25,hulkenberg,HUL,haas,12,11,11,Lapped,71,0.0,18
2024,15,Dutch Grand Prix,zandvoort,2024-08-25,ricciardo,RIC,rb,13,12,12,Lapped,71,0.0,13
2024,15,Dutch Grand Prix,zandvoort,2024-08-25,stroll,STR,aston_martin,8,13,13,Lapped,71,0.0,14
2024,15,Dutch Grand Prix,zandvoort,2024-08-25,albon,ALB,williams,19,14,14,Lapped,71,0.0,6
2024,15,Dutch Grand Prix,zandvoort,2024-08-25,ocon,OCO,alpine,15,15,15,Lapped,71,0.0,15
2024,15,Dutch Grand Prix,zandvoort,2024-08-25,sargeant,SAR,williams,18,16,16,Lapped,71,0.0,16
2024,15,Dutch Grand Prix,zandvoort,2024-08-25,tsunoda,TSU,rb,11,17,17,Lapped,71,0.0,17
2024,15,Dutch Grand Prix,zandvoort,2024-08-25,kevin_magnussen,MAG,haas,20,18,18,Lapped,71,0.0,12
2024,15,Dutch Grand Prix,zandvoort,2024-08-25,bottas,BOT,sauber,16,19,19,Lapped,70,0.0,20
2024,15,Dutch Grand Prix,zandvoort,2024-08-25,zhou,ZHO,sauber,17,20,20,Lapped,70,0.0,19
2024,16,Italian Grand Prix,monza,2024-09-01,leclerc,LEC,ferrari,4,1,1,Finished,53,25.0,10
2024,16,Italian Grand Prix,monza,2024-09-01,piastri,PIA,mclaren,2,2,2,Finished,53,18.0,4
2024,16,Italian Grand Prix,monza,2024-09-01,norris,NOR,mclaren,1,3,3,Finished,53,16.0,1
2024,16,Italian Grand Prix,monza,2024-09-01,sainz,SAI,ferrari,5,4,4,Finished,53,12.0,9
2024,16,Italian Grand Prix,monza,2024-09-01,hamilton,HAM,mercedes,6,5,5,Finished,53,10.0,2
2024,16,Italian Grand Prix,monza,2024-09-01,max_verstappen,VER,red_bull,7,6,6,Finished,53,8.0,3
2024,16,Italian Grand Prix,monza,2024-09-01,russell,RUS,mercedes,3,7,7,Finished,53,6.0,5
2024,16,Italian Grand Prix,monza,2024-09-01,perez,PER,red_bull,8,8,8,Finished,53,4.0,8
2024,16,Italian Grand Prix,monza,2024-09-01,albon,ALB,williams,9,9,9,Finished,53,2.0,16
2024,16,Italian Grand Prix,monza,2024-09-01,kevin_magnussen,MAG,haas,13,10,10,Finished,53,1.0,12
2024,16,Italian Grand Prix,monza,2024-09-01,alonso,ALO,aston_martin,11,11,11,Finished,53,0.0,7
2024,16,Italian Grand Prix,monza,2024-09-01,colapinto,COL,williams,18,12,12,Finished,53,0.0,14
2024,16,Italian Grand Prix,monza,2024-09-01,ricciardo,RIC,rb,12,13,13,Finished,53,0.0,17
2024,16,Italian Grand Prix,monza,2024-09-01,ocon,OCO,alpine,15,14,14,Lapped,52,0.0,18
2024,16,Italian Grand Prix,monza,2024-09-01,gasly,GAS,alpine,14,15,15,Lapped,52,0.0,15
2024,16,Italian Grand Prix,monza,2024-09-01,bottas,BOT,sauber,19,16,16,Lapped,52,0.0,13
2024,16,Italian Grand Prix,monza,2024-09-01,hulkenberg,HUL,haas,10,17,17,Lapped,52,0.0,11
2024,16,Italian Grand Prix,monza,2024-09-01,zhou,ZHO,sauber,20,18,18,Lapped,52,0.0,19
2024,16,Italian Grand Prix,monza,2024-09-01,stroll,STR,aston_martin,17,19,19,Lapped,52,0.0,6
2024,16,Italian Grand Prix,monza,2024-09-01,tsunoda,TSU,rb,16,20,R,Retired,7,0.0,20
2024,17,Azerbaijan Grand Prix,baku,2024-09-15,piastri,PIA,mclaren,2,1,1,Finished,51,25.0,9
2024,17,Azerbaijan Grand Prix,baku,2024-09-15,leclerc,LEC,ferrari,1,2,2,Finished,51,18.0,10
2024,17,Azerbaijan Grand Prix,baku,2024-09-15,russell,RUS,mercedes,5,3,3,Finished,51,15.0,2
2024,17,Azerbaijan Grand Prix,baku,2024-09-15,norris,NOR,mclaren,15,4,4,Finished,51,13.0,1
2024,17,Azerbaijan Grand Prix,baku,2024-09-15,max_verstappen,VER,red_bull,6,5,5,Finished,51,10.0,3
2024,17,Azerbaijan Grand Prix,baku,2024-09-15,alonso,ALO,aston_martin,7,6,6,Finished,51,8.0,8
2024,17,Azerbaijan Grand Prix,baku,2024-09-15,albon,ALB,williams,9,7,7,Finished,51,6.0,5
2024,17,Azerbaijan Grand Prix,baku,2024-09-15,colapinto,COL,williams,8,8,8,Finished,51,4.0,12
2024,17,Azerbaijan Grand Prix,baku,2024-09-15,hamilton,HAM,mercedes,19,9,9,Finished,51,2.0,11
2024,17,Azerbaijan Grand Prix,baku,2024-09-15,bearman,BEA,haas,10,10,10,Finished,51,1.0,7
2024,17,Azerbaijan Grand Prix,baku,2024-09-15,hulkenberg,HUL,haas,12,11,11,Finished,51,0.0,14
2024,17,Azerbaijan Grand Prix,baku,2024-09-15,gasly,GAS,alpine,18,12,12,Finished,51,0.0,15
2024,17,Azerbaijan Grand Prix,baku,2024-09-15,ricciardo,RIC,rb,14,13,13,Finished,51,0.0,17
2024,17,Azerbaijan Grand Prix,baku,2024-09-15,zhou,ZHO,sauber,17,14,14,Finished,51,0.0,13
2024,17,Azerbaijan Grand Prix,baku,2024-09-15,ocon,OCO,alpine,20,15,15,Lapped,50,0.0,19
2024,17,Azerbaijan Grand Prix,baku,2024-09-15,bottas,BOT,sauber,16,16,16,Lapped,50,0.0,18
2024,17,Azerbaijan Grand Prix,baku,2024-09-15,perez,PER,red_bull,4,17,17,Retired,49,0.0,6
2024,17,Azerbaijan Grand Prix,baku,2024-09-15,sainz,SAI,ferrari,3,18,18,Retired,49,0.0,4
2024,17,Azerbaijan Grand Prix,baku,2024-09-15,stroll,STR,aston_martin,13,19,19,Retired,45,0.0,16
2024,17,Azerbaijan Grand Prix,baku,2024-09-15,tsunoda,TSU,rb,11,20,R,Retired,14,0.0,20
2024,18,Singapore Grand Prix,marina_bay,2024-09-22,norris,NOR,mclaren,1,1,1,Finished,62,25.0,2
2024,18,Singapore Grand Prix,marina_bay,2024-09-22,max_verstappen,VER,red_bull,2,2,2,Finished,62,18.0,5
2024,18,Singapore Grand Prix,marina_bay,2024-09-22,piastri,PIA,mclaren,5,3,3,Finished,62,15.0,4
2024,18,Singapore Grand Prix,marina_bay,2024-09-22,russell,RUS,mercedes,4,4,4,Finished,62,12.0,10
2024,18,Singapore Grand Prix,marina_bay,2024-09-22,leclerc,LEC,ferrari,9,5,5,Finished,62,10.0,3
2024,18,Singapore Grand Prix,marina_bay,2024-09-22,hamilton,HAM,mercedes,3,6,6,Finished,62,8.0,12
2024,18,Singapore Grand Prix,marina_bay,2024-09-22,sainz,SAI,ferrari,10,7,7,Finished,62,6.0,7
2024,18,Singapore Grand Prix,marina_bay,2024-09-22,alonso,ALO,aston_martin,7,8,8,Lapped,61,4.0,18
2024,18,Singapore Grand Prix,marina_bay,2024-09-22,hulkenberg,HUL,haas,6,9,9,Lapped,61,2.0,15
2024,18,Singapore Grand Prix,marina_bay,2024-09-22,perez,PER,red_bull,13,10,10,Lapped,61,1.0,16
2024,18,Singapore Grand Prix,marina_bay,2024-09-22,colapinto,COL,williams,12,11,11,Lapped,61,0.0,11
2024,18,Singapore Grand Prix,marina_bay,2024-09-22,tsunoda,TSU,rb,8,12,12,Lapped,61,0.0,6
2024,18,Singapore Grand Prix,marina_bay,2024-09-22,ocon,OCO,alpine,15,13,13,Lapped,61,0.0,20
2024,18,Singapore Grand Prix,marina_bay,2024-09-22,stroll,STR,aston_martin,17,14,14,Lapped,61,0.0,19
2024,18,Singapore Grand Prix,marina_bay,2024-09-22,zhou,ZHO,sauber,20,15,15,Lapped,61,0.0,14
2024,18,Singapore Grand Prix,marina_bay,2024-09-22,bottas,BOT,sauber,19,16,16,Lapped,61,0.0,17
2024,18,Singapore Grand Prix,marina_bay,2024-09-22,gasly,GAS,alpine,18,17,17,Lapped,61,0.0,9
2024,18,Singapore Grand Prix,marina_bay,2024-09-22,ricciardo,RIC,rb,16,18,18,Lapped,61,0.0,1
2024,18,Singapore Grand Prix,marina_bay,2024-09-22,kevin_magnussen,MAG,haas,14,19,19,Retired,57,0.0,13
2024,18,Singapore Grand Prix,marina_bay,2024-09-22,albon,ALB,williams,11,20,R,Retired,15,0.0,8
2024,19,United States Grand Prix,americas,2024-10-20,leclerc,LEC,ferrari,4,1,1,Finished,56,25.0,6
2024,19,United States Grand Prix,americas,2024-10-20,sainz,SAI,ferrari,3,2,2,Finished,56,18.0,5
2024,19,United States Grand Prix,americas,2024-10-20,max_verstappen,VER,red_bull,2,3,3,Finished,56,15.0,9
2024,19,United States Grand Prix,americas,2024-10-20,norris,NOR,mclaren,1,4,4,Finished,56,12.0,4
2024,19,United States Grand Prix,americas,2024-10-20,piastri,PIA,mclaren,5,5,5,Finished,56,10.0,7
2024,19,United States Grand Prix,americas,2024-10-20,russell,RUS,mercedes,20,6,6,Finished,56,8.0,3
2024,19,United States Grand Prix,americas,2024-10-20,perez,PER,red_bull,9,7,7,Finished,56,6.0,13
2024,19,United States Grand Prix,americas,2024-10-20,hulkenberg,HUL,haas,11,8,8,Finished,56,4.0,12
2024,19,United States Grand Prix,americas,2024-10-20,lawson,LAW,rb,19,9,9,Finished,56,2.0,8
2024,19,United States Grand Prix,americas,2024-10-20,colapinto,COL,williams,15,10,10,Finished,56,1.0,2
2024,19,United States Grand Prix,americas,2024-10-20,kevin_magnussen,MAG,haas,8,11,11,Finished,56,0.0,10
2024,19,United States Grand Prix,americas,2024-10-20,gasly,GAS,alpine,6,12,12,Finished,56,0.0,11
2024,19,United States Grand Prix,americas,2024-10-20,alonso,ALO,aston_martin,7,13,13,Lapped,55,0.0,17
2024,19,United States Grand Prix,americas,2024-10-20,tsunoda,TSU,rb,10,14,14,Lapped,55,0.0,15
2024,19,United States Grand Prix,americas,2024-10-20,stroll,STR,aston_martin,13,15,15,Lapped,55,0.0,16
2024,19,United States Grand Prix,americas,2024-10-20,albon,ALB,williams,14,16,16,Lapped,55,0.0,14
2024,19,United States Grand Prix,americas,2024-10-20,bottas,BOT,sauber,16,17,17,Lapped,55,0.0,19
2024,19,United States Grand Prix,americas,2024-10-20,ocon,OCO,alpine,12,18,18,Lapped,55,0.0,1
2024,19,United States Grand Prix,americas,2024-10-20,zhou,ZHO,sauber,18,19,19,Lapped,55,0.0,18
2024,19,United States Grand Prix,americas,2024-10-20,hamilton,HAM,mercedes,17,20,R,Retired,1,0.0,0
2024,20,Mexico City Grand Prix,rodriguez,2024-10-27,sainz,SAI,ferrari,1,1,1,Finished,71,25.0,7
2024,20,Mexico City Grand Prix,rodriguez,2024-10-27,norris,NOR,mclaren,3,2,2,Finished,71,18.0,4
2024,20,Mexico City Grand Prix,rodriguez,2024-10-27,leclerc,LEC,ferrari,4,3,3,Finished,71,16.0,1
2024,20,Mexico City Grand Prix,rodriguez,2024-10-27,hamilton,HAM,mercedes,6,4,4,Finished,71,12.0,8
2024,20,Mexico City Grand Prix,rodriguez,2024-10-27,russell,RUS,mercedes,5,5,5,Finished,71,10.0,11
2024,20,Mexico City Grand Prix,rodriguez,2024-10-27,max_verstappen,VER,red_bull,2,6,6,Finished,71,8.0,13
2024,20,Mexico City Grand Prix,rodriguez,2024-10-27,kevin_magnussen,MAG,haas,7,7,7,Finished,71,6.0,9
2024,20,Mexico City Grand Prix,rodriguez,2024-10-27,piastri,PIA,mclaren,17,8,8,Finished,71,4.0,5
2024,20,Mexico City Grand Prix,rodriguez,2024-10-27,hulkenberg,HUL,haas,10,9,9,Lapped,70,2.0,12
2024,20,Mexico City Grand Prix,rodriguez,2024-10-27,gasly,GAS,alpine,8,10,10,Lapped,70,1.0,15
2024,20,Mexico City Grand Prix,rodriguez,2024-10-27,stroll,STR,aston_martin,14,11,11,Lapped,70,0.0,16
2024,20,Mexico City Grand Prix,rodriguez,2024-10-27,colapinto,COL,williams,16,12,12,Lapped,70,0.0,6
2024,20,Mexico City Grand Prix,rodriguez,2024-10-27,ocon,OCO,alpine,0,13,13,Lapped,70,0.0,10
2024,20,Mexico City Grand Prix,rodriguez,2024-10-27,bottas,BOT,sauber,15,14,14,Lapped,70,0.0,14
2024,20,Mexico City Grand Prix,rodriguez,2024-10-27,zhou,ZHO,sauber,19,15,15,Lapped,70,0.0,17
2024,20,Mexico City Grand Prix,rodriguez,2024-10-27,lawson,LAW,rb,12,16,16,Lapped,70,0.0,3
2024,20,Mexico City Grand Prix,rodriguez,2024-10-27,perez,PER,red_bull,18,17,17,Lapped,70,0.0,2
2024,20,Mexico City Grand Prix,rodriguez,2024-10-27,alonso,ALO,aston_martin,13,18,R,Retired,15,0.0,18
2024,20,Mexico City Grand Prix,rodriguez,2024-10-27,albon,ALB,williams,9,19,R,Retired,0,0.0,0
2024,20,Mexico City Grand Prix,rodriguez,2024-10-27,tsunoda,TSU,rb,11,20,R,Retired,0,0.0,0
2024,21,São Paulo Grand Prix,interlagos,2024-11-03,max_verstappen,VER,red_bull,17,1,1,Finished,69,26.0,1
2024,21,São Paulo Grand Prix,interlagos,2024-11-03,ocon,OCO,alpine,4,2,2,Finished,69,18.0,7
2024,21,São Paulo Grand Prix,interlagos,2024-11-03,gasly,GAS,alpine,13,3,3,Finished,69,15.0,5
2024,21,São Paulo Grand Prix,interlagos,2024-11-03,russell,RUS,mercedes,2,4,4,Finished,69,12.0,6
2024,21,São Paulo Grand Prix,interlagos,2024-11-03,leclerc,LEC,ferrari,6,5,5,Finished,69,10.0,4
2024,21,São Paulo Grand Prix,interlagos,2024-11-03,norris,NOR,mclaren,1,6,6,Finished,69,8.0,2
2024,21,São Paulo Grand Prix,interlagos,2024-11-03,tsunoda,TSU,rb,3,7,7,Finished,69,6.0,8
2024,21,São Paulo Grand Prix,interlagos,2024-11-03,piastri,PIA,mclaren,8,8,8,Finished,69,4.0,3
2024,21,São Paulo Grand Prix,interlagos,2024-11-03,lawson,LAW,rb,5,9,9,Finished,69,2.0,10
2024,21,São Paulo Grand Prix,interlagos,2024-11-03,hamilton,HAM,mercedes,14,10,10,Finished,69,1.0,9
2024,21,São Paulo Grand Prix,interlagos,2024-11-03,perez,PER,red_bull,12,11,11,Finished,69,0.0,11
2024,21,São Paulo Grand Prix,interlagos,2024-11-03,bearman,BEA,haas,15,12,12,Finished,69,0.0,13
2024,21,São Paulo Grand Prix,interlagos,2024-11-03,bottas,BOT,sauber,11,13,13,Finished,69,0.0,14
2024,21,São Paulo Grand Prix,interlagos,2024-11-03,alonso,ALO,aston_martin,9,14,14,Finished,69,0.0,12
2024,21,São Paulo Grand Prix,interlagos,2024-11-03,zhou,ZHO,sauber,19,15,15,Finished,69,0.0,15
2024,21,São Paulo Grand Prix,interlagos,2024-11-03,sainz,SAI,ferrari,20,16,R,Retired,38,0.0,16
2024,21,São Paulo Grand Prix,interlagos,2024-11-03,colapinto,COL,williams,16,17,R,Retired,30,0.0,17
2024,21,São Paulo Grand Prix,interlagos,2024-11-03,albon,ALB,williams,7,18,W,Did not start,0,0.0,0
2024,21,São Paulo Grand Prix,interlagos,2024-11-03,stroll,STR,aston_martin,10,19,W,Did not start,0,0.0,0
2024,21,São Paulo Grand Prix,interlagos,2024-11-03,hulkenberg,HUL,haas,18,20,D,Disqualified,0,0.0,0
2024,22,Las Vegas Grand Prix,vegas,2024-11-23,russell,RUS,mercedes,1,1,1,Finished,50,25.0,4
2024,22,Las Vegas Grand Prix,vegas,2024-11-23,hamilton,HAM,mercedes,10,2,2,Finished,50,18.0,2
2024,22,Las Vegas Grand Prix,vegas,2024-11-23,sainz,SAI,ferrari,2,3,3,Finished,50,15.0,5
2024,22,Las Vegas Grand Prix,vegas,2024-11-23,leclerc,LEC,ferrari,4,4,4,Finished,50,12.0,3
2024,22,Las Vegas Grand Prix,vegas,2024-11-23,max_verstappen,VER,red_bull,5,5,5,Finished,50,10.0,6
2024,22,Las Vegas Grand Prix,vegas,2024-11-23,norris,NOR,mclaren,6,6,6,Finished,50,9.0,1
2024,22,Las Vegas Grand Prix,vegas,2024-11-23,piastri,PIA,mclaren,8,7,7,Finished,50,6.0,13
2024,22,Las Vegas Grand Prix,vegas,2024-11-23,hulkenberg,HUL,haas,9,8,8,Finished,50,4.0,12
2024,22,Las Vegas Grand Prix,vegas,2024-11-23,tsunoda,TSU,rb,7,9,9,Finished,50,2.0,16
2024,22,Las Vegas Grand Prix,vegas,2024-11-23,perez,PER,red_bull,15,10,10,Finished,50,1.0,8
2024,22,Las Vegas Grand Prix,vegas,2024-11-23,alonso,ALO,aston_martin,16,11,11,Finished,50,0.0,10
2024,22,Las Vegas Grand Prix,vegas,2024-11-23,kevin_magnussen,MAG,haas,12,12,12,Finished,50,0.0,11
2024,22,Las Vegas Grand Prix,vegas,2024-11-23,zhou,ZHO,sauber,13,13,13,Finished,50,0.0,7
2024,22,Las Vegas Grand Prix,vegas,2024-11-23,colapinto,COL,williams,20,14,14,Finished,50,0.0,15
2024,22,Las Vegas Grand Prix,vegas,2024-11-23,stroll,STR,aston_martin,18,15,15,Finished,50,0.0,18
2024,22,Las Vegas Grand Prix,vegas,2024-11-23,lawson,LAW,rb,14,16,16,Finished,50,0.0,17
2024,22,Las Vegas Grand Prix,vegas,2024-11-23,ocon,OCO,alpine,11,17,17,Lapped,49,0.0,9
2024,22,Las Vegas Grand Prix,vegas,2024-11-23,bottas,BOT,sauber,19,18,18,Lapped,49,0.0,14
2024,22,Las Vegas Grand Prix,vegas,2024-11-23,albon,ALB,williams,17,19,R,Retired,25,0.0,19
2024,22,Las Vegas Grand Prix,vegas,2024-11-23,gasly,GAS,alpine,3,20,R,Retired,15,0.0,20
2024,23,Qatar Grand Prix,losail,2024-12-01,max_verstappen,VER,red_bull,2,1,1,Finished,57,25.0,2
2024,23,Qatar Grand Prix,losail,2024-12-01,leclerc,LEC,ferrari,5,2,2,Finished,57,18.0,4
2024,23,Qatar Grand Prix,losail,2024-12-01,piastri,PIA,mclaren,4,3,3,Finished,57,15.0,3
2024,23,Qatar Grand Prix,losail,2024-12-01,russell,RUS,mercedes,1,4,4,Finished,57,12.0,5
2024,23,Qatar Grand Prix,losail,2024-12-01,gasly,GAS,alpine,11,5,5,Finished,57,10.0,8
2024,23,Qatar Grand Prix,losail,2024-12-01,sainz,SAI,ferrari,7,6,6,Finished,57,8.0,6
2024,23,Qatar Grand Prix,losail,2024-12-01,alonso,ALO,aston_martin,8,7,7,Finished,57,6.0,7
2024,23,Qatar Grand Prix,losail,2024-12-01,zhou,ZHO,sauber,12,8,8,Finished,57,4.0,10
2024,23,Qatar Grand Prix,losail,2024-12-01,kevin_magnussen,MAG,haas,10,9,9,Finished,57,2.0,11
2024,23,Qatar Grand Prix,losail,2024-12-01,norris,NOR,mclaren,3,10,10,Finished,57,2.0,1
2024,23,Qatar Grand Prix,losail,2024-12-01,bottas,BOT,sauber,13,11,11,Finished,57,0.0,13
2024,23,Qatar Grand Prix,losail,2024-12-01,hamilton,HAM,mercedes,6,12,12,Finished,57,0.0,9
2024,23,Qatar Grand Prix,losail,2024-12-01,tsunoda,TSU,rb,14,13,13,Finished,57,0.0,17
2024,23,Qatar Grand Prix,losail,2024-12-01,lawson,LAW,rb,17,14,14,Finished,57,0.0,16
2024,23,Qatar Grand Prix,losail,2024-12-01,albon,ALB,williams,16,15,15,Lapped,56,0.0,14
2024,23,Qatar Grand Prix,losail,2024-12-01,hulkenberg,HUL,haas,18,16,R,Retired,39,0.0,15
2024,23,Qatar Grand Prix,losail,2024-12-01,perez,PER,red_bull,9,17,R,Retired,38,0.0,12
2024,23,Qatar Grand Prix,losail,2024-12-01,stroll,STR,aston_martin,15,18,R,Retired,8,0.0,18
2024,23,Qatar Grand Prix,losail,2024-12-01,colapinto,COL,williams,19,19,R,Retired,0,0.0,0
2024,23,Qatar Grand Prix,losail,2024-12-01,ocon,OCO,alpine,20,20,R,Retired,0,0.0,0
2024,24,Abu Dhabi Grand Prix,yas_marina,2024-12-08,norris,NOR,mclaren,1,1,1,Finished,58,25.0,3
2024,24,Abu Dhabi Grand Prix,yas_marina,2024-12-08,sainz,SAI,ferrari,3,2,2,Finished,58,18.0,5
2024,24,Abu Dhabi Grand Prix,yas_marina,2024-12-08,leclerc,LEC,ferrari,19,3,3,Finished,58,15.0,9
2024,24,Abu Dhabi Grand Prix,yas_marina,2024-12-08,hamilton,HAM,mercedes,16,4,4,Finished,58,12.0,2
2024,24,Abu Dhabi Grand Prix,yas_marina,2024-12-08,russell,RUS,mercedes,6,5,5,Finished,58,10.0,10
2024,24,Abu Dhabi Grand Prix,yas_marina,2024-12-08,max_verstappen,VER,red_bull,4,6,6,Finished,58,8.0,6
2024,24,Abu Dhabi Grand Prix,yas_marina,2024-12-08,gasly,GAS,alpine,5,7,7,Finished,58,6.0,16
2024,24,Abu Dhabi Grand Prix,yas_marina,2024-12-08,hulkenberg,HUL,haas,7,8,8,Finished,58,4.0,14
2024,24,Abu Dhabi Grand Prix,yas_marina,2024-12-08,alonso,ALO,aston_martin,8,9,9,Finished,58,2.0,7
2024,24,Abu Dhabi Grand Prix,yas_marina,2024-12-08,piastri,PIA,mclaren,2,10,10,Finished,58,1.0,4
2024,24,Abu Dhabi Grand Prix,yas_marina,2024-12-08,albon,ALB,williams,18,11,11,Lapped,57,0.0,18
2024,24,Abu Dhabi Grand Prix,yas_marina,2024-12-08,tsunoda,TSU,rb,11,12,12,Lapped,57,0.0,15
2024,24,Abu Dhabi Grand Prix,yas_marina,2024-12-08,zhou,ZHO,sauber,15,13,13,Lapped,57,0.0,8
2024,24,Abu Dhabi Grand Prix,yas_marina,2024-12-08,stroll,STR,aston_martin,13,14,14,Lapped,57,0.0,11
2024,24,Abu Dhabi Grand Prix,yas_marina,2024-12-08,doohan,DOO,alpine,17,15,15,Lapped,57,0.0,13
2024,24,Abu Dhabi Grand Prix,yas_marina,2024-12-08,kevin_magnussen,MAG,haas,14,16,16,Lapped,57,0.0,1
2024,24,Abu Dhabi Grand Prix,yas_marina,2024-12-08,lawson,LAW,rb,12,17,17,Retired,55,0.0,12
2024,24,Abu Dhabi Grand Prix,yas_marina,2024-12-08,bottas,BOT,sauber,9,18,R,Retired,30,0.0,19
2024,24,Abu Dhabi Grand Prix,yas_marina,2024-12-08,colapinto,COL,williams,20,19,R,Retired,26,0.0,17
2024,24,Abu Dhabi Grand Prix,yas_marina,2024-12-08,perez,PER,red_bull,10,20,R,Retired,0,0.0,0
2025,1,Australian Grand Prix,albert_park,2025-03-16,norris,NOR,mclaren,1,1,1,Finished,57,25.0,1
2025,1,Australian Grand Prix,albert_park,2025-03-16,max_verstappen,VER,red_bull,3,2,2,Finished,57,18.0,3
2025,1,Australian Grand Prix,albert_park,2025-03-16,russell,RUS,mercedes,4,3,3,Finished,57,15.0,11
2025,1,Australian Grand Prix,albert_park,2025-03-16,antonelli,ANT,mercedes,16,4,4,Finished,57,12.0,9
2025,1,Australian Grand Prix,albert_park,2025-03-16,albon,ALB,williams,6,5,5,Finished,57,10.0,8
2025,1,Australian Grand Prix,albert_park,2025-03-16,stroll,STR,aston_martin,13,6,6,Finished,57,8.0,14
2025,1,Australian Grand Prix,albert_park,2025-03-16,hulkenberg,HUL,sauber,17,7,7,Finished,57,6.0,12
2025,1,Australian Grand Prix,albert_park,2025-03-16,leclerc,LEC,ferrari,7,8,8,Finished,57,4.0,13
2025,1,Australian Grand Prix,albert_park,2025-03-16,piastri,PIA,mclaren,2,9,9,Finished,57,2.0,4
2025,1,Australian Grand Prix,albert_park,2025-03-16,hamilton,HAM,ferrari,8,10,10,Finished,57,1.0,7
2025,1,Australian Grand Prix,albert_park,2025-03-16,gasly,GAS,alpine,9,11,11,Finished,57,0.0,10
2025,1,Australian Grand Prix,albert_park,2025-03-16,tsunoda,TSU,rb,5,12,12,Finished,57,0.0,6
2025,1,Australian Grand Prix,albert_park,2025-03-16,ocon,OCO,haas,19,13,13,Finished,57,0.0,15
2025,1,Australian Grand Prix,albert_park,2025-03-16,bearman,BEA,haas,20,14,14,Finished,57,0.0,16
2025,1,Australian Grand Prix,albert_park,2025-03-16,lawson,LAW,red_bull,18,15,R,Retired,46,0.0,2
2025,1,Australian Grand Prix,albert_park,2025-03-16,bortoleto,BOR,sauber,15,16,R,Retired,45,0.0,5
2025,1,Australian Grand Prix,albert_park,2025-03-16,alonso,ALO,aston_martin,12,17,R,Retired,32,0.0,17
2025,1,Australian Grand Prix,albert_park,2025-03-16,sainz,SAI,williams,10,18,R,Retired,0,0.0,0
2025,1,Australian Grand Prix,albert_park,2025-03-16,doohan,DOO,alpine,14,19,R,Retired,0,0.0,0
2025,1,Australian Grand Prix,albert_park,2025-03-16,hadjar,HAD,rb,11,20,R,Retired,0,0.0,0
2025,2,Chinese Grand Prix,shanghai,2025-03-23,piastri,PIA,mclaren,1,1,1,Finished,56,25.0,3
2025,2,Chinese Grand Prix,shanghai,2025-03-23,norris,NOR,mclaren,3,2,2,Finished,56,18.0,1
2025,2,Chinese Grand Prix,shanghai,2025-03-23,russell,RUS,mercedes,2,3,3,Finished,56,15.0,5
2025,2,Chinese Grand Prix,shanghai,2025-03-23,max_verstappen,VER,red_bull,4,4,4,Finished,56,12.0,2
2025,2,Chinese Grand Prix,shanghai,2025-03-23,ocon,OCO,haas,11,5,5,Finished,56,10.0,4
2025,2,Chinese Grand Prix,shanghai,2025-03-23,antonelli,ANT,mercedes,8,6,6,Finished,56,8.0,11
2025,2,Chinese Grand Prix,shanghai,2025-03-23,albon,ALB,williams,10,7,7,Finished,56,6.0,12
2025,2,Chinese Grand Prix,shanghai,2025-03-23,bearman,BEA,haas,17,8,8,Finished,56,4.0,13
2025,2,Chinese Grand Prix,shanghai,2025-03-23,stroll,STR,aston_martin,14,9,9,Finished,56,2.0,10
2025,2,Chinese Grand Prix,shanghai,2025-03-23,sainz,SAI,williams,15,10,10,Finished,56,1.0,15
2025,2,Chinese Grand Prix,shanghai,2025-03-23,hadjar,HAD,rb,7,11,11,Finished,56,0.0,6
2025,2,Chinese Grand Prix,shanghai,2025-03-23,lawson,LAW,red_bull,20,12,12,Finished,56,0.0,9
2025,2,Chinese Grand Prix,shanghai,2025-03-23,doohan,DOO,alpine,18,13,13,Finished,56,0.0,14
2025,2,Chinese Grand Prix,shanghai,2025-03-23,bortoleto,BOR,sauber,19,14,14,Lapped,55,0.0,8
2025,2,Chinese Grand Prix,shanghai,2025-03-23,hulkenberg,HUL,sauber,12,15,15,Lapped,55,0.0,16
2025,2,Chinese Grand Prix,shanghai,2025-03-23,tsunoda,TSU,rb,9,16,16,Lapped,55,0.0,7
2025,2,Chinese Grand Prix,shanghai,2025-03-23,alonso,ALO,aston_martin,13,17,R,Retired,4,0.0,17
2025,2,Chinese Grand Prix,shanghai,2025-03-23,leclerc,LEC,ferrari,6,18,D,Disqualified,0,0.0,0
2025,2,Chinese Grand Prix,shanghai,2025-03-23,hamilton,HAM,ferrari,5,19,D,Disqualified,0,0.0,0
2025,2,Chinese Grand Prix,shanghai,2025-03-23,gasly,GAS,alpine,16,20,D,Disqualified,0,0.0,0
2025,3,Japanese Grand Prix,suzuka,2025-04-06,max_verstappen,VER,red_bull,1,1,1,Finished,53,25.0,3
2025,3,Japanese Grand Prix,suzuka,2025-04-06,norris,NOR,mclaren,2,2,2,Finished,53,18.0,5
2025,3,Japanese Grand Prix,suzuka,2025-04-06,piastri,PIA,mclaren,3,3,3,Finished,53,15.0,2
2025,3,Japanese Grand Prix,suzuka,2025-04-06,leclerc,LEC,ferrari,4,4,4,Finished,53,12.0,10
2025,3,Japanese Grand Prix,suzuka,2025-04-06,russell,RUS,mercedes,5,5,5,Finished,53,10.0,8
2025,3,Japanese Grand Prix,suzuka,2025-04-06,antonelli,ANT,mercedes,6,6,6,Finished,53,8.0,1
2025,3,Japanese Grand Prix,suzuka,2025-04-06,hamilton,HAM,ferrari,8,7,7,Finished,53,6.0,9
2025,3,Japanese Grand Prix,suzuka,2025-04-06,hadjar,HAD,rb,7,8,8,Finished,53,4.0,7
2025,3,Japanese Grand Prix,suzuka,2025-04-06,albon,ALB,williams,9,9,9,Finished,53,2.0,6
2025,3,Japanese Grand Prix,suzuka,2025-04-06,bearman,BEA,haas,10,10,10,Finished,53,1.0,15
2025,3,Japanese Grand Prix,suzuka,2025-04-06,alonso,ALO,aston_martin,12,11,11,Finished,53,0.0,11
2025,3,Japanese Grand Prix,suzuka,2025-04-06,tsunoda,TSU,red_bull,14,12,12,Finished,53,0.0,13
2025,3,Japanese Grand Prix,suzuka,2025-04-06,gasly,GAS,alpine,11,13,13,Finished,53,0.0,12
2025,3,Japanese Grand Prix,suzuka,2025-04-06,sainz,SAI,williams,15,14,14,Finished,53,0.0,4
2025,3,Japanese Grand Prix,suzuka,2025-04-06,doohan,DOO,alpine,19,15,15,Finished,53,0.0,20
2025,3,Japanese Grand Prix,suzuka,2025-04-06,hulkenberg,HUL,sauber,16,16,16,Finished,53,0.0,19
2025,3,Japanese Grand Prix,suzuka,2025-04-06,lawson,LAW,rb,13,17,17,Finished,53,0.0,17
2025,3,Japanese Grand Prix,suzuka,2025-04-06,ocon,OCO,haas,18,18,18,Finished,53,0.0,14
2025,3,Japanese Grand Prix,suzuka,2025-04-06,bortoleto,BOR,sauber,17,19,19,Finished,53,0.0,16
2025,3,Japanese Grand Prix,suzuka,2025-04-06,stroll,STR,aston_martin,20,20,20,Lapped,52,0.0,18
2025,4,Bahrain Grand Prix,bahrain,2025-04-13,piastri,PIA,mclaren,1,1,1,Finished,57,25.0,1
2025,4,Bahrain Grand Prix,bahrain,2025-04-13,russell,RUS,mercedes,3,2,2,Finished,57,18.0,2
2025,4,Bahrain Grand Prix,bahrain,2025-04-13,norris,NOR,mclaren,6,3,3,Finished,57,15.0,3
2025,4,Bahrain Grand Prix,bahrain,2025-04-13,leclerc,LEC,ferrari,2,4,4,Finished,57,12.0,4
2025,4,Bahrain Grand Prix,bahrain,2025-04-13,hamilton,HAM,ferrari,9,5,5,Finished,57,10.0,6
2025,4,Bahrain Grand Prix,bahrain,2025-04-13,max_verstappen,VER,red_bull,7,6,6,Finished,57,8.0,5
2025,4,Bahrain Grand Prix,bahrain,2025-04-13,gasly,GAS,alpine,4,7,7,Finished,57,6.0,7
2025,4,Bahrain Grand Prix,bahrain,2025-04-13,ocon,OCO,haas,14,8,8,Finished,57,4.0,12
2025,4,Bahrain Grand Prix,bahrain,2025-04-13,tsunoda,TSU,red_bull,10,9,9,Finished,57,2.0,14
2025,4,Bahrain Grand Prix,bahrain,2025-04-13,bearman,BEA,haas,20,10,10,Finished,57,1.0,15
2025,4,Bahrain Grand Prix,bahrain,2025-04-13,antonelli,ANT,mercedes,5,11,11,Finished,57,0.0,9
2025,4,Bahrain Grand Prix,bahrain,2025-04-13,albon,ALB,williams,15,12,12,Finished,57,0.0,13
2025,4,Bahrain Grand Prix,bahrain,2025-04-13,hadjar,HAD,rb,12,13,13,Finished,57,0.0,10
2025,4,Bahrain Grand Prix,bahrain,2025-04-13,doohan,DOO,alpine,11,14,14,Finished,57,0.0,8
2025,4,Bahrain Grand Prix,bahrain,2025-04-13,alonso,ALO,aston_martin,13,15,15,Finished,57,0.0,17
2025,4,Bahrain Grand Prix,bahrain,2025-04-13,lawson,LAW,rb,17,16,16,Finished,57,0.0,16
2025,4,Bahrain Grand Prix,bahrain,2025-04-13,stroll,STR,aston_martin,19,17,17,Finished,57,0.0,19
2025,4,Bahrain Grand Prix,bahrain,2025-04-13,bortoleto,BOR,sauber,18,18,18,Finished,57,0.0,18
2025,4,Bahrain Grand Prix,bahrain,2025-04-13,sainz,SAI,williams,8,19,R,Retired,45,0.0,11
2025,4,Bahrain Grand Prix,bahrain,2025-04-13,hulkenberg,HUL,sauber,16,20,D,Disqualified,0,0.0,0
2025,5,Saudi Arabian Grand Prix,jeddah,2025-04-20,piastri,PIA,mclaren,2,1,1,Finished,50,25.0,3
2025,5,Saudi Arabian Grand Prix,jeddah,2025-04-20,max_verstappen,VER,red_bull,1,2,2,Finished,50,18.0,4
2025,5,Saudi Arabian Grand Prix,jeddah,2025-04-20,leclerc,LEC,ferrari,4,3,3,Finished,50,15.0,2
2025,5,Saudi Arabian Grand Prix,jeddah,2025-04-20,norris,NOR,mclaren,10,4,4,Finished,50,12.0,1
2025,5,Saudi Arabian Grand Prix,jeddah,2025-04-20,russell,RUS,mercedes,3,5,5,Finished,50,10.0,9
2025,5,Saudi Arabian Grand Prix,jeddah,2025-04-20,antonelli,ANT,mercedes,5,6,6,Finished,50,8.0,5
2025,5,Saudi Arabian Grand Prix,jeddah,2025-04-20,hamilton,HAM,ferrari,7,7,7,Finished,50,6.0,7
2025,5,Saudi Arabian Grand Prix,jeddah,2025-04-20,sainz,SAI,williams,6,8,8,Finished,50,4.0,6
2025,5,Saudi Arabian Grand Prix,jeddah,2025-04-20,albon,ALB,williams,11,9,9,Finished,50,2.0,16
2025,5,Saudi Arabian Grand Prix,jeddah,2025-04-20,hadjar,HAD,rb,14,10,10,Finished,50,1.0,14
2025,5,Saudi Arabian Grand Prix,jeddah,2025-04-20,alonso,ALO,aston_martin,13,11,11,Finished,50,0.0,11
2025,5,Saudi Arabian Grand Prix,jeddah,2025-04-20,lawson,LAW,rb,12,12,12,Finished,50,0.0,10
2025,5,Saudi Arabian Grand Prix,jeddah,2025-04-20,bearman,BEA,haas,15,13,13,Finished,50,0.0,13
2025,5,Saudi Arabian Grand Prix,jeddah,2025-04-20,ocon,OCO,haas,19,14,14,Finished,50,0.0,17
2025,5,Saudi Arabian Grand Prix,jeddah,2025-04-20,hulkenberg,HUL,sauber,18,15,15,Lapped,49,0.0,15
2025,5,Saudi Arabian Grand Prix,jeddah,2025-04-20,stroll,STR,aston_martin,16,16,16,Lapped,49,0.0,8
2025,5,Saudi Arabian Grand Prix,jeddah,2025-04-20,doohan,DOO,alpine,17,17,17,Lapped,49,0.0,12
2025,5,Saudi Arabian Grand Prix,jeddah,2025-04-20,bortoleto,BOR,sauber,20,18,18,Lapped,49,0.0,18
2025,5,Saudi Arabian Grand Prix,jeddah,2025-04-20,tsunoda,TSU,red_bull,8,19,R,Retired,1,0.0,0
2025,5,Saudi Arabian Grand Prix,jeddah,2025-04-20,gasly,GAS,alpine,9,20,R,Retired,0,0.0,0
2025,6,Miami Grand Prix,miami,2025-05-04,piastri,PIA,mclaren,4,1,1,Finished,57,25.0,2
2025,6,Miami Grand Prix,miami,2025-05-04,norris,NOR,mclaren,2,2,2,Finished,57,18.0,1
2025,6,Miami Grand Prix,miami,2025-05-04,russell,RUS,mercedes,5,3,3,Finished,57,15.0,3
2025,6,Miami Grand Prix,miami,2025-05-04,max_verstappen,VER,red_bull,1,4,4,Finished,57,12.0,5
2025,6,Miami Grand Prix,miami,2025-05-04,albon,ALB,williams,7,5,5,Finished,57,10.0,6
2025,6,Miami Grand Prix,miami,2025-05-04,antonelli,ANT,mercedes,3,6,6,Finished,57,8.0,9
2025,6,Miami Grand Prix,miami,2025-05-04,leclerc,LEC,ferrari,8,7,7,Finished,57,6.0,4
2025,6,Miami Grand Prix,miami,2025-05-04,hamilton,HAM,ferrari,12,8,8,Finished,57,4.0,7
2025,6,Miami Grand Prix,miami,2025-05-04,sainz,SAI,williams,6,9,9,Finished,57,2.0,8
2025,6,Miami Grand Prix,miami,2025-05-04,tsunoda,TSU,red_bull,10,10,10,Finished,57,1.0,10
2025,6,Miami Grand Prix,miami,2025-05-04,hadjar,HAD,rb,11,11,11,Finished,57,0.0,11
2025,6,Miami Grand Prix,miami,2025-05-04,ocon,OCO,haas,9,12,12,Finished,57,0.0,13
2025,6,Miami Grand Prix,miami,2025-05-04,gasly,GAS,alpine,20,13,13,Finished,57,0.0,14
2025,6,Miami Grand Prix,miami,2025-05-04,hulkenberg,HUL,sauber,16,14,14,Lapped,56,0.0,12
2025,6,Miami Grand Prix,miami,2025-05-04,alonso,ALO,aston_martin,17,15,15,Lapped,56,0.0,15
2025,6,Miami Grand Prix,miami,2025-05-04,stroll,STR,aston_martin,18,16,16,Lapped,56,0.0,16
2025,6,Miami Grand Prix,miami,2025-05-04,lawson,LAW,rb,15,17,R,Retired,36,0.0,17
2025,6,Miami Grand Prix,miami,2025-05-04,bortoleto,BOR,sauber,13,18,R,Retired,30,0.0,18
2025,6,Miami Grand Prix,miami,2025-05-04,bearman,BEA,haas,19,19,R,Retired,27,0.0,19
2025,6,Miami Grand Prix,miami,2025-05-04,doohan,DOO,alpine,14,20,R,Retired,0,0.0,0
2025,7,Emilia Romagna Grand Prix,imola,2025-05-18,max_verstappen,VER,red_bull,2,1,1,Finished,63,25.0,1
2025,7,Emilia Romagna Grand Prix,imola,2025-05-18,norris,NOR,mclaren,4,2,2,Finished,63,18.0,4
2025,7,Emilia Romagna Grand Prix,imola,2025-05-18,piastri,PIA,mclaren,1,3,3,Finished,63,15.0,5
2025,7,Emilia Romagna Grand Prix,imola,2025-05-18,hamilton,HAM,ferrari,12,4,4,Finished,63,12.0,2
2025,7,Emilia Romagna Grand Prix,imola,2025-05-18,albon,ALB,williams,7,5,5,Finished,63,10.0,3
2025,7,Emilia Romagna Grand Prix,imola,2025-05-18,leclerc,LEC,ferrari,11,6,6,Finished,63,8.0,6
2025,7,Emilia Romagna Grand Prix,imola,2025-05-18,russell,RUS,mercedes,3,7,7,Finished,63,6.0,9
2025,7,Emilia Romagna Grand Prix,imola,2025-05-18,sainz,SAI,williams,6,8,8,Finished,63,4.0,10
2025,7,Emilia Romagna Grand Prix,imola,2025-05-18,hadjar,HAD,rb,9,9,9,Finished,63,2.0,7
2025,7,Emilia Romagna Grand Prix,imola,2025-05-18,tsunoda,TSU,red_bull,20,10,10,Finished,63,1.0,12
2025,7,Emilia Romagna Grand Prix,imola,2025-05-18,alonso,ALO,aston_martin,5,11,11,Finished,63,0.0,11
2025,7,Emilia Romagna Grand Prix,imola,2025-05-18,hulkenberg,HUL,sauber,17,12,12,Finished,63,0.0,15
2025,7,Emilia Romagna Grand Prix,imola,2025-05-18,gasly,GAS,alpine,10,13,13,Finished,63,0.0,14
2025,7,Emilia Romagna Grand Prix,imola,2025-05-18,lawson,LAW,rb,15,14,14,Finished,63,0.0,16
2025,7,Emilia Romagna Grand Prix,imola,2025-05-18,stroll,STR,aston_martin,8,15,15,Finished,63,0.0,17
2025,7,Emilia Romagna Grand Prix,imola,2025-05-18,colapinto,COL,alpine,16,16,16,Finished,63,0.0,13
2025,7,Emilia Romagna Grand Prix,imola,2025-05-18,bearman,BEA,haas,19,17,17,Finished,63,0.0,8
2025,7,Emilia Romagna Grand Prix,imola,2025-05-18,bortoleto,BOR,sauber,14,18,18,Finished,63,0.0,19
2025,7,Emilia Romagna Grand Prix,imola,2025-05-18,antonelli,ANT,mercedes,13,19,R,Retired,44,0.0,18
2025,7,Emilia Romagna Grand Prix,imola,2025-05-18,ocon,OCO,haas,18,20,R,Retired,27,0.0,20
2025,8,Monaco Grand Prix,monaco,2025-05-25,norris,NOR,mclaren,1,1,1,Finished,78,25.0,1
2025,8,Monaco Grand Prix,monaco,2025-05-25,leclerc,LEC,ferrari,2,2,2,Finished,78,18.0,6
2025,8,Monaco Grand Prix,monaco,2025-05-25,piastri,PIA,mclaren,3,3,3,Finished,78,15.0,4
2025,8,Monaco Grand Prix,monaco,2025-05-25,max_verstappen,VER,red_bull,4,4,4,Finished,78,12.0,8
2025,8,Monaco Grand Prix,monaco,2025-05-25,hamilton,HAM,ferrari,7,5,5,Finished,78,10.0,7
2025,8,Monaco Grand Prix,monaco,2025-05-25,hadjar,HAD,rb,5,6,6,Lapped,77,8.0,19
2025,8,Monaco Grand Prix,monaco,2025-05-25,ocon,OCO,haas,8,7,7,Lapped,77,6.0,14
2025,8,Monaco Grand Prix,monaco,2025-05-25,lawson,LAW,rb,9,8,8,Lapped,77,4.0,17
2025,8,Monaco Grand Prix,monaco,2025-05-25,albon,ALB,williams,10,9,9,Lapped,76,2.0,9
2025,8,Monaco Grand Prix,monaco,2025-05-25,sainz,SAI,williams,11,10,10,Lapped,76,1.0,5
2025,8,Monaco Grand Prix,monaco,2025-05-25,russell,RUS,mercedes,14,11,11,Lapped,76,0.0,2
2025,8,Monaco Grand Prix,monaco,2025-05-25,bearman,BEA,haas,20,12,12,Lapped,76,0.0,10
2025,8,Monaco Grand Prix,monaco,2025-05-25,colapinto,COL,alpine,18,13,13,Lapped,76,0.0,16
2025,8,Monaco Grand Prix,monaco,2025-05-25,bortoleto,BOR,sauber,16,14,14,Lapped,76,0.0,12
2025,8,Monaco Grand Prix,monaco,2025-05-25,stroll,STR,aston_martin,19,15,15,Lapped,76,0.0,11
2025,8,Monaco Grand Prix,monaco,2025-05-25,hulkenberg,HUL,sauber,13,16,16,Lapped,76,0.0,15
2025,8,Monaco Grand Prix,monaco,2025-05-25,tsunoda,TSU,red_bull,12,17,17,Lapped,76,0.0,13
2025,8,Monaco Grand Prix,monaco,2025-05-25,antonelli,ANT,mercedes,15,18,18,Lapped,75,0.0,3
2025,8,Monaco Grand Prix,monaco,2025-05-25,alonso,ALO,aston_martin,6,19,R,Retired,36,0.0,18
2025,8,Monaco Grand Prix,monaco,2025-05-25,gasly,GAS,alpine,17,20,R,Retired,7,0.0,20
2025,9,Spanish Grand Prix,catalunya,2025-06-01,piastri,PIA,mclaren,1,1,1,Finished,66,25.0,1
2025,9,Spanish Grand Prix,catalunya,2025-06-01,norris,NOR,mclaren,2,2,2,Finished,66,18.0,2
2025,9,Spanish Grand Prix,catalunya,2025-06-01,leclerc,LEC,ferrari,7,3,3,Finished,66,15.0,5
2025,9,Spanish Grand Prix,catalunya,2025-06-01,russell,RUS,mercedes,4,4,4,Finished,66,12.0,4
2025,9,Spanish Grand Prix,catalunya,2025-06-01,hulkenberg,HUL,sauber,15,5,5,Finished,66,10.0,6
2025,9,Spanish Grand Prix,catalunya,2025-06-01,hamilton,HAM,ferrari,5,6,6,Finished,66,8.0,7
2025,9,Spanish Grand Prix,catalunya,2025-06-01,hadjar,HAD,rb,9,7,7,Finished,66,6.0,8
2025,9,Spanish Grand Prix,catalunya,2025-06-01,gasly,GAS,alpine,8,8,8,Finished,66,4.0,9
2025,9,Spanish Grand Prix,catalunya,2025-06-01,alonso,ALO,aston_martin,10,9,9,Finished,66,2.0,11
2025,9,Spanish Grand Prix,catalunya,2025-06-01,max_verstappen,VER,red_bull,3,10,10,Finished,66,1.0,3
2025,9,Spanish Grand Prix,catalunya,2025-06-01,lawson,LAW,rb,13,11,11,Finished,66,0.0,18
2025,9,Spanish Grand Prix,catalunya,2025-06-01,bortoleto,BOR,sauber,12,12,12,Finished,66,0.0,13
2025,9,Spanish Grand Prix,catalunya,2025-06-01,tsunoda,TSU,red_bull,19,13,13,Finished,66,0.0,10
2025,9,Spanish Grand Prix,catalunya,2025-06-01,sainz,SAI,williams,17,14,14,Finished,66,0.0,17
2025,9,Spanish Grand Prix,catalunya,2025-06-01,colapinto,COL,alpine,18,15,15,Finished,66,0.0,14
2025,9,Spanish Grand Prix,catalunya,2025-06-01,ocon,OCO,haas,16,16,16,Finished,66,0.0,15
2025,9,Spanish Grand Prix,catalunya,2025-06-01,bearman,BEA,haas,14,17,17,Finished,66,0.0,16
2025,9,Spanish Grand Prix,catalunya,2025-06-01,antonelli,ANT,mercedes,6,18,R,Retired,53,0.0,12
2025,9,Spanish Grand Prix,catalunya,2025-06-01,albon,ALB,williams,11,19,R,Retired,27,0.0,19
2025,10,Canadian Grand Prix,villeneuve,2025-06-15,russell,RUS,mercedes,1,1,1,Finished,70,25.0,1
2025,10,Canadian Grand Prix,villeneuve,2025-06-15,max_verstappen,VER,red_bull,2,2,2,Finished,70,18.0,5
2025,10,Canadian Grand Prix,villeneuve,2025-06-15,antonelli,ANT,mercedes,4,3,3,Finished,70,15.0,7
2025,10,Canadian Grand Prix,villeneuve,2025-06-15,piastri,PIA,mclaren,3,4,4,Finished,70,12.0,3
2025,10,Canadian Grand Prix,villeneuve,2025-06-15,leclerc,LEC,ferrari,8,5,5,Finished,70,10.0,4
2025,10,Canadian Grand Prix,villeneuve,2025-06-15,hamilton,HAM,ferrari,5,6,6,Finished,70,8.0,9
2025,10,Canadian Grand Prix,villeneuve,2025-06-15,alonso,ALO,aston_martin,6,7,7,Finished,70,6.0,12
2025,10,Canadian Grand Prix,villeneuve,2025-06-15,hulkenberg,HUL,sauber,11,8,8,Finished,70,4.0,14
2025,10,Canadian Grand Prix,villeneuve,2025-06-15,ocon,OCO,haas,14,9,9,Lapped,69,2.0,8
2025,10,Canadian Grand Prix,villeneuve,2025-06-15,sainz,SAI,williams,16,10,10,Lapped,69,1.0,6
2025,10,Canadian Grand Prix,villeneuve,2025-06-15,bearman,BEA,haas,13,11,11,Lapped,69,0.0,15
2025,10,Canadian Grand Prix,villeneuve,2025-06-15,tsunoda,TSU,red_bull,18,12,12,Lapped,69,0.0,13
2025,10,Canadian Grand Prix,villeneuve,2025-06-15,colapinto,COL,alpine,10,13,13,Lapped,69,0.0,17
2025,10,Canadian Grand Prix,villeneuve,2025-06-15,bortoleto,BOR,sauber,15,14,14,Lapped,69,0.0,16
2025,10,Canadian Grand Prix,villeneuve,2025-06-15,gasly,GAS,alpine,20,15,15,Lapped,69,0.0,11
2025,10,Canadian Grand Prix,villeneuve,2025-06-15,hadjar,HAD,rb,12,16,16,Lapped,69,0.0,19
2025,10,Canadian Grand Prix,villeneuve,2025-06-15,stroll,STR,aston_martin,17,17,17,Lapped,69,0.0,10
2025,10,Canadian Grand Prix,villeneuve,2025-06-15,norris,NOR,mclaren,7,18,18,Retired,66,0.0,2
2025,10,Canadian Grand Prix,villeneuve,2025-06-15,lawson,LAW,rb,19,19,R,Retired,53,0.0,20
2025,10,Canadian Grand Prix,villeneuve,2025-06-15,albon,ALB,williams,9,20,R,Retired,46,0.0,18
2025,11,Austrian Grand Prix,red_bull_ring,2025-06-29,norris,NOR,mclaren,1,1,1,Finished,70,25.0,2
2025,11,Austrian Grand Prix,red_bull_ring,2025-06-29,piastri,PIA,mclaren,3,2,2,Finished,70,18.0,1
2025,11,Austrian Grand Prix,red_bull_ring,2025-06-29,leclerc,LEC,ferrari,2,3,3,Finished,70,15.0,4
2025,11,Austrian Grand Prix,red_bull_ring,2025-06-29,hamilton,HAM,ferrari,4,4,4,Finished,70,12.0,3
2025,11,Austrian Grand Prix,red_bull_ring,2025-06-29,russell,RUS,mercedes,5,5,5,Finished,70,10.0,7
2025,11,Austrian Grand Prix,red_bull_ring,2025-06-29,lawson,LAW,rb,6,6,6,Finished,70,8.0,14
2025,11,Austrian Grand Prix,red_bull_ring,2025-06-29,alonso,ALO,aston_martin,11,7,7,Lapped,69,6.0,12
2025,11,Austrian Grand Prix,red_bull_ring,2025-06-29,bortoleto,BOR,sauber,8,8,8,Lapped,69,4.0,6
2025,11,Austrian Grand Prix,red_bull_ring,2025-06-29,hulkenberg,HUL,sauber,20,9,9,Lapped,69,2.0,8
2025,11,Austrian Grand Prix,red_bull_ring,2025-06-29,ocon,OCO,haas,17,10,10,Lapped,69,1.0,9
2025,11,Austrian Grand Prix,red_bull_ring,2025-06-29,bearman,BEA,haas,15,11,11,Lapped,69,0.0,13
2025,11,Austrian Grand Prix,red_bull_ring,2025-06-29,hadjar,HAD,rb,13,12,12,Lapped,69,0.0,16
2025,11,Austrian Grand Prix,red_bull_ring,2025-06-29,gasly,GAS,alpine,10,13,13,Lapped,69,0.0,15
2025,11,Austrian Grand Prix,red_bull_ring,2025-06-29,stroll,STR,aston_martin,16,14,14,Lapped,69,0.0,5
2025,11,Austrian Grand Prix,red_bull_ring,2025-06-29,colapinto,COL,alpine,14,15,15,Lapped,69,0.0,10
2025,11,Austrian Grand Prix,red_bull_ring,2025-06-29,tsunoda,TSU,red_bull,18,16,16,Lapped,68,0.0,11
2025,11,Austrian Grand Prix,red_bull_ring,2025-06-29,albon,ALB,williams,12,17,R,Retired,15,0.0,17
2025,11,Austrian Grand Prix,red_bull_ring,2025-06-29,max_verstappen,VER,red_bull,7,18,R,Retired,0,0.0,0
2025,11,Austrian Grand Prix,red_bull_ring,2025-06-29,antonelli,ANT,mercedes,9,19,R,Retired,0,0.0,0
2025,11,Austrian Grand Prix,red_bull_ring,2025-06-29,sainz,SAI,williams,19,20,W,Did not start,0,0.0,0
2025,12,British Grand Prix,silverstone,2025-07-06,norris,NOR,mclaren,3,1,1,Finished,52,25.0,2
2025,12,British Grand Prix,silverstone,2025-07-06,piastri,PIA,mclaren,2,2,2,Finished,52,18.0,1
2025,12,British Grand Prix,silverstone,2025-07-06,hulkenberg,HUL,sauber,19,3,3,Finished,52,15.0,14
2025,12,British Grand Prix,silverstone,2025-07-06,hamilton,HAM,ferrari,5,4,4,Finished,52,12.0,3
2025,12,British Grand Prix,silverstone,2025-07-06,max_verstappen,VER,red_bull,1,5,5,Finished,52,10.0,5
2025,12,British Grand Prix,silverstone,2025-07-06,gasly,GAS,alpine,8,6,6,Finished,52,8.0,8
2025,12,British Grand Prix,silverstone,2025-07-06,stroll,STR,aston_martin,17,7,7,Finished,52,6.0,15
2025,12,British Grand Prix,silverstone,2025-07-06,albon,ALB,williams,13,8,8,Finished,52,4.0,4
2025,12,British Grand Prix,silverstone,2025-07-06,alonso,ALO,aston_martin,7,9,9,Finished,52,2.0,6
2025,12,British Grand Prix,silverstone,2025-07-06,russell,RUS,mercedes,4,10,10,Finished,52,1.0,11
2025,12,British Grand Prix,silverstone,2025-07-06,bearman,BEA,haas,18,11,11,Finished,52,0.0,13
2025,12,British Grand Prix,silverstone,2025-07-06,sainz,SAI,williams,9,12,12,Finished,52,0.0,7
2025,12,British Grand Prix,silverstone,2025-07-06,ocon,OCO,haas,14,13,13,Finished,52,0.0,9
2025,12,British Grand Prix,silverstone,2025-07-06,leclerc,LEC,ferrari,6,14,14,Finished,52,0.0,10
2025,12,British Grand Prix,silverstone,2025-07-06,tsunoda,TSU,red_bull,11,15,15,Lapped,51,0.0,12
2025,12,British Grand Prix,silverstone,2025-07-06,antonelli,ANT,mercedes,10,16,R,Retired,23,0.0,17
2025,12,British Grand Prix,silverstone,2025-07-06,hadjar,HAD,rb,12,17,R,Retired,17,0.0,16
2025,12,British Grand Prix,silverstone,2025-07-06,bortoleto,BOR,sauber,16,18,R,Retired,3,0.0,18
2025,12,British Grand Prix,silverstone,2025-07-06,lawson,LAW,rb,15,19,R,Retired,0,0.0,0
2025,12,British Grand Prix,silverstone,2025-07-06,colapinto,COL,alpine,20,20,W,Did not start,0,0.0,0
2025,13,Belgian Grand Prix,spa,2025-07-27,piastri,PIA,mclaren,2,1,1,Finished,44,25.0,4
2025,13,Belgian Grand Prix,spa,2025-07-27,norris,NOR,mclaren,1,2,2,Finished,44,18.0,3
2025,13,Belgian Grand Prix,spa,2025-07-27,leclerc,LEC,ferrari,3,3,3,Finished,44,15.0,9
2025,13,Belgian Grand Prix,spa,2025-07-27,max_verstappen,VER,red_bull,4,4,4,Finished,44,12.0,7
2025,13,Belgian Grand Prix,spa,2025-07-27,russell,RUS,mercedes,6,5,5,Finished,44,10.0,11
2025,13,Belgian Grand Prix,spa,2025-07-27,albon,ALB,williams,5,6,6,Finished,44,8.0,15
2025,13,Belgian Grand Prix,spa,2025-07-27,hamilton,HAM,ferrari,18,7,7,Finished,44,6.0,10
2025,13,Belgian Grand Prix,spa,2025-07-27,lawson,LAW,rb,9,8,8,Finished,44,4.0,12
2025,13,Belgian Grand Prix,spa,2025-07-27,bortoleto,BOR,sauber,10,9,9,Finished,44,2.0,16
2025,13,Belgian Grand Prix,spa,2025-07-27,gasly,GAS,alpine,13,10,10,Finished,44,1.0,17
2025,13,Belgian Grand Prix,spa,2025-07-27,bearman,BEA,haas,12,11,11,Finished,44,0.0,13
2025,13,Belgian Grand Prix,spa,2025-07-27,hulkenberg,HUL,sauber,14,12,12,Finished,44,0.0,2
2025,13,Belgian Grand Prix,spa,2025-07-27,tsunoda,TSU,red_bull,7,13,13,Finished,44,0.0,19
2025,13,Belgian Grand Prix,spa,2025-07-27,stroll,STR,aston_martin,16,14,14,Finished,44,0.0,18
2025,13,Belgian Grand Prix,spa,2025-07-27,ocon,OCO,haas,11,15,15,Finished,44,0.0,14
2025,13,Belgian Grand Prix,spa,2025-07-27,antonelli,ANT,mercedes,19,16,16,Finished,44,0.0,1
2025,13,Belgian Grand Prix,spa,2025-07-27,alonso,ALO,aston_martin,20,17,17,Finished,44,0.0,5
2025,13,Belgian Grand Prix,spa,2025-07-27,sainz,SAI,williams,17,18,18,Finished,44,0.0,6
2025,13,Belgian Grand Prix,spa,2025-07-27,colapinto,COL,alpine,15,19,19,Finished,44,0.0,8
2025,13,Belgian Grand Prix,spa,2025-07-27,hadjar,HAD,rb,8,20,20,Lapped,43,0.0,20
2025,14,Hungarian Grand Prix,hungaroring,2025-08-03,norris,NOR,mclaren,3,1,1,Finished,70,25.0,5
2025,14,Hungarian Grand Prix,hungaroring,2025-08-03,piastri,PIA,mclaren,2,2,2,Finished,70,18.0,2
2025,14,Hungarian Grand Prix,hungaroring,2025-08-03,russell,RUS,mercedes,4,3,3,Finished,70,15.0,1
2025,14,Hungarian Grand Prix,hungaroring,2025-08-03,leclerc,LEC,ferrari,1,4,4,Finished,70,12.0,9
2025,14,Hungarian Grand Prix,hungaroring,2025-08-03,alonso,ALO,aston_martin,5,5,5,Finished,70,10.0,8
2025,14,Hungarian Grand Prix,hungaroring,2025-08-03,bortoleto,BOR,sauber,7,6,6,Finished,70,8.0,11
2025,14,Hungarian Grand Prix,hungaroring,2025-08-03,stroll,STR,aston_martin,6,7,7,Finished,70,6.0,12
2025,14,Hungarian Grand Prix,hungaroring,2025-08-03,lawson,LAW,rb,9,8,8,Finished,70,4.0,10
2025,14,Hungarian Grand Prix,hungaroring,2025-08-03,max_verstappen,VER,red_bull,8,9,9,Finished,70,2.0,3
2025,14,Hungarian Grand Prix,hungaroring,2025-08-03,antonelli,ANT,mercedes,15,10,10,Lapped,69,1.0,13
2025,14,Hungarian Grand Prix,hungaroring,2025-08-03,hadjar,HAD,rb,10,11,11,Lapped,69,0.0,15
2025,14,Hungarian Grand Prix,hungaroring,2025-08-03,hamilton,HAM,ferrari,12,12,12,Lapped,69,0.0,7
2025,14,Hungarian Grand Prix,hungaroring,2025-08-03,hulkenberg,HUL,sauber,18,13,13,Lapped,69,0.0,6
2025,14,Hungarian Grand Prix,hungaroring,2025-08-03,sainz,SAI,williams,13,14,14,Lapped,69,0.0,4
2025,14,Hungarian Grand Prix,hungaroring,2025-08-03,albon,ALB,williams,19,15,15,Lapped,69,0.0,14
2025,14,Hungarian Grand Prix,hungaroring,2025-08-03,ocon,OCO,haas,17,16,16,Lapped,69,0.0,19
2025,14,Hungarian Grand Prix,hungaroring,2025-08-03,tsunoda,TSU,red_bull,20,17,17,Lapped,69,0.0,17
2025,14,Hungarian Grand Prix,hungaroring,2025-08-03,colapinto,COL,alpine,14,18,18,Lapped,69,0.0,16
2025,14,Hungarian Grand Prix,hungaroring,2025-08-03,gasly,GAS,alpine,16,19,19,Lapped,69,0.0,18
2025,14,Hungarian Grand Prix,hungaroring,2025-08-03,bearman,BEA,haas,11,20,R,Retired,48,0.0,20
2025,15,Dutch Grand Prix,zandvoort,2025-08-31,piastri,PIA,mclaren,1,1,1,Finished,72,25.0,1
2025,15,Dutch Grand Prix,zandvoort,2025-08-31,max_verstappen,VER,red_bull,3,2,2,Finished,72,18.0,3
2025,15,Dutch Grand Prix,zandvoort,2025-08-31,hadjar,HAD,rb,4,3,3,Finished,72,15.0,5
2025,15,Dutch Grand Prix,zandvoort,2025-08-31,russell,RUS,mercedes,5,4,4,Finished,72,12.0,9
2025,15,Dutch Grand Prix,zandvoort,2025-08-31,albon,ALB,williams,15,5,5,Finished,72,10.0,7
2025,15,Dutch Grand Prix,zandvoort,2025-08-31,bearman,BEA,haas,20,6,6,Finished,72,8.0,13
2025,15,Dutch Grand Prix,zandvoort,2025-08-31,stroll,STR,aston_martin,19,7,7,Finished,72,6.0,11
2025,15,Dutch Grand Prix,zandvoort,2025-08-31,alonso,ALO,aston_martin,10,8,8,Finished,72,4.0,8
2025,15,Dutch Grand Prix,zandvoort,2025-08-31,tsunoda,TSU,red_bull,12,9,9,Finished,72,2.0,16
2025,15,Dutch Grand Prix,zandvoort,2025-08-31,ocon,OCO,haas,18,10,10,Finished,72,1.0,14
2025,15,Dutch Grand Prix,zandvoort,2025-08-31,colapinto,COL,alpine,16,11,11,Finished,72,0.0,4
2025,15,Dutch Grand Prix,zandvoort,2025-08-31,lawson,LAW,rb,8,12,12,Finished,72,0.0,12
2025,15,Dutch Grand Prix,zandvoort,2025-08-31,sainz,SAI,williams,9,13,13,Finished,72,0.0,10
2025,15,Dutch Grand Prix,zandvoort,2025-08-31,hulkenberg,HUL,sauber,17,14,14,Finished,72,0.0,18
2025,15,Dutch Grand Prix,zandvoort,2025-08-31,bortoleto,BOR,sauber,13,15,15,Finished,72,0.0,15
2025,15,Dutch Grand Prix,zandvoort,2025-08-31,antonelli,ANT,mercedes,11,16,16,Finished,72,0.0,6
2025,15,Dutch Grand Prix,zandvoort,2025-08-31,gasly,GAS,alpine,14,17,17,Finished,72,0.0,19
2025,15,Dutch Grand Prix,zandvoort,2025-08-31,norris,NOR,mclaren,2,18,18,Retired,64,0.0,2
2025,15,Dutch Grand Prix,zandvoort,2025-08-31,leclerc,LEC,ferrari,6,19,R,Retired,52,0.0,17
2025,15,Dutch Grand Prix,zandvoort,2025-08-31,hamilton,HAM,ferrari,7,20,R,Retired,22,0.0,20
2025,16,Italian Grand Prix,monza,2025-09-07,max_verstappen,VER,red_bull,1,1,1,Finished,53,25.0,2
2025,16,Italian Grand Prix,monza,2025-09-07,norris,NOR,mclaren,2,2,2,Finished,53,18.0,1
2025,16,Italian Grand Prix,monza,2025-09-07,piastri,PIA,mclaren,3,3,3,Finished,53,15.0,3
2025,16,Italian Grand Prix,monza,2025-09-07,leclerc,LEC,ferrari,4,4,4,Finished,53,12.0,4
2025,16,Italian Grand Prix,monza,2025-09-07,russell,RUS,mercedes,5,5,5,Finished,53,10.0,8
2025,16,Italian Grand Prix,monza,2025-09-07,hamilton,HAM,ferrari,10,6,6,Finished,53,8.0,6
2025,16,Italian Grand Prix,monza,2025-09-07,albon,ALB,williams,14,7,7,Finished,53,6.0,5
2025,16,Italian Grand Prix,monza,2025-09-07,bortoleto,BOR,sauber,7,8,8,Finished,53,4.0,12
2025,16,Italian Grand Prix,monza,2025-09-07,antonelli,ANT,mercedes,6,9,9,Finished,53,2.0,10
2025,16,Italian Grand Prix,monza,2025-09-07,hadjar,HAD,rb,19,10,10,Finished,53,1.0,11
2025,16,Italian Grand Prix,monza,2025-09-07,sainz,SAI,williams,13,11,11,Finished,53,0.0,7
2025,16,Italian Grand Prix,monza,2025-09-07,bearman,BEA,haas,11,12,12,Finished,53,0.0,9
2025,16,Italian Grand Prix,monza,2025-09-07,tsunoda,TSU,red_bull,9,13,13,Finished,53,0.0,16
2025,16,Italian Grand Prix,monza,2025-09-07,lawson,LAW,rb,18,14,14,Finished,53,0.0,17
2025,16,Italian Grand Prix,monza,2025-09-07,ocon,OCO,haas,15,15,15,Lapped,52,0.0,18
2025,16,Italian Grand Prix,monza,2025-09-07,gasly,GAS,alpine,20,16,16,Lapped,52,0.0,14
2025,16,Italian Grand Prix,monza,2025-09-07,colapinto,COL,alpine,17,17,17,Lapped,52,0.0,15
2025,16,Italian Grand Prix,monza,2025-09-07,stroll,STR,aston_martin,16,18,18,Lapped,52,0.0,13
2025,16,Italian Grand Prix,monza,2025-09-07,alonso,ALO,aston_martin,8,19,R,Retired,24,0.0,19
2025,16,Italian Grand Prix,monza,2025-09-07,hulkenberg,HUL,sauber,12,20,W,Did not start,0,0.0,0
2025,17,Azerbaijan Grand Prix,baku,2025-09-21,max_verstappen,VER,red_bull,1,1,1,Finished,51,25.0,1
2025,17,Azerbaijan Grand Prix,baku,2025-09-21,russell,RUS,mercedes,5,2,2,Finished,51,18.0,2
2025,17,Azerbaijan Grand Prix,baku,2025-09-21,sainz,SAI,williams,2,3,3,Finished,51,15.0,4
2025,17,Azerbaijan Grand Prix,baku,2025-09-21,antonelli,ANT,mercedes,4,4,4,Finished,51,12.0,6
2025,17,Azerbaijan Grand Prix,baku,2025-09-21,lawson,LAW,rb,3,5,5,Finished,51,10.0,13
2025,17,Azerbaijan Grand Prix,baku,2025-09-21,tsunoda,TSU,red_bull,6,6,6,Finished,51,8.0,12
2025,17,Azerbaijan Grand Prix,baku,2025-09-21,norris,NOR,mclaren,7,7,7,Finished,51,6.0,8
2025,17,Azerbaijan Grand Prix,baku,2025-09-21,hamilton,HAM,ferrari,12,8,8,Finished,51,4.0,5
2025,17,Azerbaijan Grand Prix,baku,2025-09-21,leclerc,LEC,ferrari,10,9,9,Finished,51,2.0,9
2025,17,Azerbaijan Grand Prix,baku,2025-09-21,hadjar,HAD,rb,8,10,10,Finished,51,1.0,3
2025,17,Azerbaijan Grand Prix,baku,2025-09-21,bortoleto,BOR,sauber,13,11,11,Finished,51,0.0,14
2025,17,Azerbaijan Grand Prix,baku,2025-09-21,bearman,BEA,haas,15,12,12,Finished,51,0.0,10
2025,17,Azerbaijan Grand Prix,baku,2025-09-21,albon,ALB,williams,19,13,13,Finished,51,0.0,7
2025,17,Azerbaijan Grand Prix,baku,2025-09-21,ocon,OCO,haas,20,14,14,Finished,51,0.0,17
2025,17,Azerbaijan Grand Prix,baku,2025-09-21,alonso,ALO,aston_martin,11,15,15,Finished,51,0.0,15
2025,17,Azerbaijan Grand Prix,baku,2025-09-21,hulkenberg,HUL,sauber,17,16,16,Finished,51,0.0,11
2025,17,Azerbaijan Grand Prix,baku,2025-09-21,stroll,STR,aston_martin,14,17,17,Finished,51,0.0,16
2025,17,Azerbaijan Grand Prix,baku,2025-09-21,gasly,GAS,alpine,18,18,18,Lapped,50,0.0,18
2025,17,Azerbaijan Grand Prix,baku,2025-09-21,colapinto,COL,alpine,16,19,19,Lapped,50,0.0,19
2025,17,Azerbaijan Grand Prix,baku,2025-09-21,piastri,PIA,mclaren,9,20,R,Retired,0,0.0,0
2025,18,Singapore Grand Prix,marina_bay,2025-10-05,russell,RUS,mercedes,1,1,1,Finished,62,25.0,11
2025,18,Singapore Grand Prix,marina_bay,2025-10-05,max_verstappen,VER,red_bull,2,2,2,Finished,62,18.0,10
2025,18,Singapore Grand Prix,marina_bay,2025-10-05,norris,NOR,mclaren,5,3,3,Finished,62,15.0,7
2025,18,Singapore Grand Prix,marina_bay,2025-10-05,piastri,PIA,mclaren,3,4,4,Finished,62,12.0,6
2025,18,Singapore Grand Prix,marina_bay,2025-10-05,antonelli,ANT,mercedes,4,5,5,Finished,62,10.0,4
2025,18,Singapore Grand Prix,marina_bay,2025-10-05,leclerc,LEC,ferrari,7,6,6,Finished,62,8.0,14
2025,18,Singapore Grand Prix,marina_bay,2025-10-05,alonso,ALO,aston_martin,10,7,7,Finished,62,6.0,13
2025,18,Singapore Grand Prix,marina_bay,2025-10-05,hamilton,HAM,ferrari,6,8,8,Finished,62,4.0,1
2025,18,Singapore Grand Prix,marina_bay,2025-10-05,bearman,BEA,haas,9,9,9,Finished,62,2.0,15
2025,18,Singapore Grand Prix,marina_bay,2025-10-05,sainz,SAI,williams,18,10,10,Lapped,61,1.0,3
2025,18,Singapore Grand Prix,marina_bay,2025-10-05,hadjar,HAD,rb,8,11,11,Lapped,61,0.0,18
2025,18,Singapore Grand Prix,marina_bay,2025-10-05,tsunoda,TSU,red_bull,13,12,12,Lapped,61,0.0,17
2025,18,Singapore Grand Prix,marina_bay,2025-10-05,stroll,STR,aston_martin,15,13,13,Lapped,61,0.0,12
2025,18,Singapore Grand Prix,marina_bay,2025-10-05,albon,ALB,williams,20,14,14,Lapped,61,0.0,9
2025,18,Singapore Grand Prix,marina_bay,2025-10-05,lawson,LAW,rb,12,15,15,Lapped,61,0.0,8
2025,18,Singapore Grand Prix,marina_bay,2025-10-05,colapinto,COL,alpine,16,16,16,Lapped,61,0.0,20
2025,18,Singapore Grand Prix,marina_bay,2025-10-05,bortoleto,BOR,sauber,14,17,17,Lapped,61,0.0,19
2025,18,Singapore Grand Prix,marina_bay,2025-10-05,ocon,OCO,haas,17,18,18,Lapped,61,0.0,16
2025,18,Singapore Grand Prix,marina_bay,2025-10-05,gasly,GAS,alpine,19,19,19,Lapped,61,0.0,2
2025,18,Singapore Grand Prix,marina_bay,2025-10-05,hulkenberg,HUL,sauber,11,20,20,Lapped,61,0.0,5
2025,19,United States Grand Prix,americas,2025-10-19,max_verstappen,VER,red_bull,1,1,1,Finished,56,25.0,3
2025,19,United States Grand Prix,americas,2025-10-19,norris,NOR,mclaren,2,2,2,Finished,56,18.0,2
2025,19,United States Grand Prix,americas,2025-10-19,leclerc,LEC,ferrari,3,3,3,Finished,56,15.0,5
2025,19,United States Grand Prix,americas,2025-10-19,hamilton,HAM,ferrari,5,4,4,Finished,56,12.0,8
2025,19,United States Grand Prix,americas,2025-10-19,piastri,PIA,mclaren,6,5,5,Finished,56,10.0,10
2025,19,United States Grand Prix,americas,2025-10-19,russell,RUS,mercedes,4,6,6,Finished,56,8.0,4
2025,19,United States Grand Prix,americas,2025-10-19,tsunoda,TSU,red_bull,13,7,7,Finished,56,6.0,13
2025,19,United States Grand Prix,americas,2025-10-19,hulkenberg,HUL,sauber,11,8,8,Finished,56,4.0,9
2025,19,United States Grand Prix,americas,2025-10-19,bearman,BEA,haas,8,9,9,Finished,56,2.0,16
2025,19,United States Grand Prix,americas,2025-10-19,alonso,ALO,aston_martin,10,10,10,Finished,56,1.0,12
2025,19,United States Grand Prix,americas,2025-10-19,lawson,LAW,rb,12,11,11,Finished,56,0.0,14
2025,19,United States Grand Prix,americas,2025-10-19,stroll,STR,aston_martin,19,12,12,Finished,56,0.0,15
2025,19,United States Grand Prix,americas,2025-10-19,antonelli,ANT,mercedes,7,13,13,Finished,56,0.0,1
2025,19,United States Grand Prix,americas,2025-10-19,albon,ALB,williams,18,14,14,Finished,56,0.0,7
2025,19,United States Grand Prix,americas,2025-10-19,ocon,OCO,haas,17,15,15,Finished,56,0.0,18
2025,19,United States Grand Prix,americas,2025-10-19,hadjar,HAD,rb,20,16,16,Finished,56,0.0,11
2025,19,United States Grand Prix,americas,2025-10-19,colapinto,COL,alpine,15,17,17,Lapped,55,0.0,17
2025,19,United States Grand Prix,americas,2025-10-19,bortoleto,BOR,sauber,16,18,18,Lapped,55,0.0,6
2025,19,United States Grand Prix,americas,2025-10-19,gasly,GAS,alpine,14,19,19,Lapped,55,0.0,19
2025,19,United States Grand Prix,americas,2025-10-19,sainz,SAI,williams,9,20,R,Retired,5,0.0,20
2025,20,Mexico City Grand Prix,rodriguez,2025-10-26,norris,NOR,mclaren,1,1,1,Finished,71,25.0,8
2025,20,Mexico City Grand Prix,rodriguez,2025-10-26,leclerc,LEC,ferrari,2,2,2,Finished,71,18.0,14
2025,20,Mexico City Grand Prix,rodriguez,2025-10-26,max_verstappen,VER,red_bull,5,3,3,Finished,71,15.0,10
2025,20,Mexico City Grand Prix,rodriguez,2025-10-26,bearman,BEA,haas,9,4,4,Finished,71,12.0,7
2025,20,Mexico City Grand Prix,rodriguez,2025-10-26,piastri,PIA,mclaren,7,5,5,Finished,71,10.0,3
2025,20,Mexico City Grand Prix,rodriguez,2025-10-26,antonelli,ANT,mercedes,6,6,6,Finished,71,8.0,9
2025,20,Mexico City Grand Prix,rodriguez,2025-10-26,russell,RUS,mercedes,4,7,7,Finished,71,6.0,1
2025,20,Mexico City Grand Prix,rodriguez,2025-10-26,hamilton,HAM,ferrari,3,8,8,Finished,71,4.0,6
2025,20,Mexico City Grand Prix,rodriguez,2025-10-26,ocon,OCO,haas,11,9,9,Finished,71,2.0,17
2025,20,Mexico City Grand Prix,rodriguez,2025-10-26,bortoleto,BOR,sauber,16,10,10,Finished,71,1.0,11
2025,20,Mexico City Grand Prix,rodriguez,2025-10-26,tsunoda,TSU,red_bull,10,11,11,Finished,71,0.0,13
2025,20,Mexico City Grand Prix,rodriguez,2025-10-26,albon,ALB,williams,17,12,12,Lapped,70,0.0,4
2025,20,Mexico City Grand Prix,rodriguez,2025-10-26,hadjar,HAD,rb,8,13,13,Lapped,70,0.0,16
2025,20,Mexico City Grand Prix,rodriguez,2025-10-26,stroll,STR,aston_martin,19,14,14,Lapped,70,0.0,5
2025,20,Mexico City Grand Prix,rodriguez,2025-10-26,gasly,GAS,alpine,18,15,15,Lapped,70,0.0,18
2025,20,Mexico City Grand Prix,rodriguez,2025-10-26,colapinto,COL,alpine,20,16,16,Lapped,70,0.0,12
2025,20,Mexico City Grand Prix,rodriguez,2025-10-26,sainz,SAI,williams,12,17,17,Retired,67,0.0,2
2025,20,Mexico City Grand Prix,rodriguez,2025-10-26,alonso,ALO,aston_martin,14,18,R,Retired,34,0.0,15
2025,20,Mexico City Grand Prix,rodriguez,2025-10-26,hulkenberg,HUL,sauber,13,19,R,Retired,25,0.0,19
2025,20,Mexico City Grand Prix,rodriguez,2025-10-26,lawson,LAW,rb,15,20,R,Retired,5,0.0,20
2025,21,São Paulo Grand Prix,interlagos,2025-11-09,norris,NOR,mclaren,1,1,1,Finished,71,25.0,6
2025,21,São Paulo Grand Prix,interlagos,2025-11-09,antonelli,ANT,mercedes,2,2,2,Finished,71,18.0,9
2025,21,São Paulo Grand Prix,interlagos,2025-11-09,max_verstappen,VER,red_bull,19,3,3,Finished,71,15.0,2
2025,21,São Paulo Grand Prix,interlagos,2025-11-09,russell,RUS,mercedes,6,4,4,Finished,71,12.0,8
2025,21,São Paulo Grand Prix,interlagos,2025-11-09,piastri,PIA,mclaren,4,5,5,Finished,71,10.0,3
2025,21,São Paulo Grand Prix,interlagos,2025-11-09,bearman,BEA,haas,8,6,6,Finished,71,8.0,13
2025,21,São Paulo Grand Prix,interlagos,2025-11-09,lawson,LAW,rb,7,7,7,Finished,71,6.0,18
2025,21,São Paulo Grand Prix,interlagos,2025-11-09,hadjar,HAD,rb,5,8,8,Finished,71,4.0,15
2025,21,São Paulo Grand Prix,interlagos,2025-11-09,hulkenberg,HUL,sauber,10,9,9,Finished,71,2.0,11
2025,21,São Paulo Grand Prix,interlagos,2025-11-09,gasly,GAS,alpine,9,10,10,Finished,71,1.0,16
2025,21,São Paulo Grand Prix,interlagos,2025-11-09,albon,ALB,williams,12,11,11,Finished,71,0.0,1
2025,21,São Paulo Grand Prix,interlagos,2025-11-09,ocon,OCO,haas,20,12,12,Finished,71,0.0,12
2025,21,São Paulo Grand Prix,interlagos,2025-11-09,sainz,SAI,williams,15,13,13,Finished,71,0.0,14
2025,21,São Paulo Grand Prix,interlagos,2025-11-09,alonso,ALO,aston_martin,11,14,14,Finished,71,0.0,10
2025,21,São Paulo Grand Prix,interlagos,2025-11-09,colapinto,COL,alpine,16,15,15,Finished,71,0.0,5
2025,21,São Paulo Grand Prix,interlagos,2025-11-09,stroll,STR,aston_martin,14,16,16,Finished,71,0.0,7
2025,21,São Paulo Grand Prix,interlagos,2025-11-09,tsunoda,TSU,red_bull,17,17,17,Finished,71,0.0,4
2025,21,São Paulo Grand Prix,interlagos,2025-11-09,hamilton,HAM,ferrari,13,18,R,Retired,37,0.0,17
2025,21,São Paulo Grand Prix,interlagos,2025-11-09,leclerc,LEC,ferrari,3,19,R,Retired,5,0.0,19
2025,21,São Paulo Grand Prix,interlagos,2025-11-09,bortoleto,BOR,sauber,18,20,R,Retired,0,0.0,0
2025,22,Las Vegas Grand Prix,vegas,2025-11-23,max_verstappen,VER,red_bull,2,1,1,Finished,50,25.0,1
2025,22,Las Vegas Grand Prix,vegas,2025-11-23,russell,RUS,mercedes,4,2,2,Finished,50,18.0,9
2025,22,Las Vegas Grand Prix,vegas,2025-11-23,antonelli,ANT,mercedes,17,3,3,Finished,50,15.0,2
2025,22,Las Vegas Grand Prix,vegas,2025-11-23,leclerc,LEC,ferrari,9,4,4,Finished,50,12.0,3
2025,22,Las Vegas Grand Prix,vegas,2025-11-23,sainz,SAI,williams,3,5,5,Finished,50,10.0,4
2025,22,Las Vegas Grand Prix,vegas,2025-11-23,hadjar,HAD,rb,8,6,6,Finished,50,8.0,10
2025,22,Las Vegas Grand Prix,vegas,2025-11-23,hulkenberg,HUL,sauber,11,7,7,Finished,50,6.0,8
2025,22,Las Vegas Grand Prix,vegas,2025-11-23,hamilton,HAM,ferrari,19,8,8,Finished,50,4.0,6
2025,22,Las Vegas Grand Prix,vegas,2025-11-23,ocon,OCO,haas,13,9,9,Finished,50,2.0,7
2025,22,Las Vegas Grand Prix,vegas,2025-11-23,bearman,BEA,haas,14,10,10,Finished,50,1.0,5
2025,22,Las Vegas Grand Prix,vegas,2025-11-23,alonso,ALO,aston_martin,7,11,11,Finished,50,0.0,14
2025,22,Las Vegas Grand Prix,vegas,2025-11-23,tsunoda,TSU,red_bull,20,12,12,Finished,50,0.0,12
2025,22,Las Vegas Grand Prix,vegas,2025-11-23,gasly,GAS,alpine,10,13,13,Finished,50,0.0,15
2025,22,Las Vegas Grand Prix,vegas,2025-11-23,lawson,LAW,rb,6,14,14,Lapped,49,0.0,11
2025,22,Las Vegas Grand Prix,vegas,2025-11-23,colapinto,COL,alpine,15,15,15,Lapped,49,0.0,16
2025,22,Las Vegas Grand Prix,vegas,2025-11-23,albon,ALB,williams,16,16,R,Retired,35,0.0,13
2025,22,Las Vegas Grand Prix,vegas,2025-11-23,bortoleto,BOR,sauber,18,17,R,Retired,2,0.0,0
2025,22,Las Vegas Grand Prix,vegas,2025-11-23,stroll,STR,aston_martin,12,18,R,Retired,0,0.0,0
2025,22,Las Vegas Grand Prix,vegas,2025-11-23,norris,NOR,mclaren,1,19,D,Disqualified,50,0.0,0
2025,22,Las Vegas Grand Prix,vegas,2025-11-23,piastri,PIA,mclaren,5,20,D,Disqualified,50,0.0,0
2025,23,Qatar Grand Prix,losail,2025-11-30,max_verstappen,VER,red_bull,3,1,1,Finished,57,25.0,5
2025,23,Qatar Grand Prix,losail,2025-11-30,piastri,PIA,mclaren,1,2,2,Finished,57,18.0,1
2025,23,Qatar Grand Prix,losail,2025-11-30,sainz,SAI,williams,7,3,3,Finished,57,15.0,6
2025,23,Qatar Grand Prix,losail,2025-11-30,norris,NOR,mclaren,2,4,4,Finished,57,12.0,2
2025,23,Qatar Grand Prix,losail,2025-11-30,antonelli,ANT,mercedes,5,5,5,Finished,57,10.0,8
2025,23,Qatar Grand Prix,losail,2025-11-30,russell,RUS,mercedes,4,6,6,Finished,57,8.0,3
2025,23,Qatar Grand Prix,losail,2025-11-30,alonso,ALO,aston_martin,8,7,7,Finished,57,6.0,7
2025,23,Qatar Grand Prix,losail,2025-11-30,leclerc,LEC,ferrari,10,8,8,Finished,57,4.0,13
2025,23,Qatar Grand Prix,losail,2025-11-30,lawson,LAW,rb,12,9,9,Finished,57,2.0,9
2025,23,Qatar Grand Prix,losail,2025-11-30,tsunoda,TSU,red_bull,15,10,10,Finished,57,1.0,10
2025,23,Qatar Grand Prix,losail,2025-11-30,albon,ALB,williams,14,11,11,Finished,57,0.0,11
2025,23,Qatar Grand Prix,losail,2025-11-30,hamilton,HAM,ferrari,17,12,12,Finished,57,0.0,14
2025,23,Qatar Grand Prix,losail,2025-11-30,bortoleto,BOR,sauber,19,13,13,Finished,57,0.0,17
2025,23,Qatar Grand Prix,losail,2025-11-30,colapinto,COL,alpine,20,14,14,Lapped,56,0.0,19
2025,23,Qatar Grand Prix,losail,2025-11-30,ocon,OCO,haas,16,15,15,Lapped,56,0.0,16
2025,23,Qatar Grand Prix,losail,2025-11-30,gasly,GAS,alpine,9,16,16,Lapped,56,0.0,18
2025,23,Qatar Grand Prix,losail,2025-11-30,stroll,STR,aston_martin,18,17,17,Retired,55,0.0,4
2025,23,Qatar Grand Prix,losail,2025-11-30,hadjar,HAD,rb,6,18,18,Retired,55,0.0,12
2025,23,Qatar Grand Prix,losail,2025-11-30,bearman,BEA,haas,13,19,R,Retired,41,0.0,15
2025,23,Qatar Grand Prix,losail,2025-11-30,hulkenberg,HUL,sauber,11,20,R,Retired,6,0.0,20
2025,24,Abu Dhabi Grand Prix,yas_marina,2025-12-07,max_verstappen,VER,red_bull,1,1,1,Finished,58,25.0,5
2025,24,Abu Dhabi Grand Prix,yas_marina,2025-12-07,piastri,PIA,mclaren,3,2,2,Finished,58,18.0,2
2025,24,Abu Dhabi Grand Prix,yas_marina,2025-12-07,norris,NOR,mclaren,2,3,3,Finished,58,15.0,3
2025,24,Abu Dhabi Grand Prix,yas_marina,2025-12-07,leclerc,LEC,ferrari,5,4,4,Finished,58,12.0,1
2025,24,Abu Dhabi Grand Prix,yas_marina,2025-12-07,russell,RUS,mercedes,4,5,5,Finished,58,10.0,14
2025,24,Abu Dhabi Grand Prix,yas_marina,2025-12-07,alonso,ALO,aston_martin,6,6,6,Finished,58,8.0,11
2025,24,Abu Dhabi Grand Prix,yas_marina,2025-12-07,ocon,OCO,haas,8,7,7,Finished,58,6.0,15
2025,24,Abu Dhabi Grand Prix,yas_marina,2025-12-07,hamilton,HAM,ferrari,16,8,8,Finished,58,4.0,10
2025,24,Abu Dhabi Grand Prix,yas_marina,2025-12-07,hulkenberg,HUL,sauber,18,9,9,Finished,58,2.0,4
2025,24,Abu Dhabi Grand Prix,yas_marina,2025-12-07,stroll,STR,aston_martin,15,10,10,Finished,58,1.0,6
2025,24,Abu Dhabi Grand Prix,yas_marina,2025-12-07,bortoleto,BOR,sauber,7,11,11,Finished,58,0.0,19
2025,24,Abu Dhabi Grand Prix,yas_marina,2025-12-07,bearman,BEA,haas,11,12,12,Finished,58,0.0,17
2025,24,Abu Dhabi Grand Prix,yas_marina,2025-12-07,sainz,SAI,williams,12,13,13,Finished,58,0.0,18
2025,24,Abu Dhabi Grand Prix,yas_marina,2025-12-07,tsunoda,TSU,red_bull,10,14,14,Finished,58,0.0,13
2025,24,Abu Dhabi Grand Prix,yas_marina,2025-12-07,antonelli,ANT,mercedes,14,15,15,Finished,58,0.0,9
2025,24,Abu Dhabi Grand Prix,yas_marina,2025-12-07,albon,ALB,williams,17,16,16,Finished,58,0.0,12
2025,24,Abu Dhabi Grand Prix,yas_marina,2025-12-07,hadjar,HAD,rb,9,17,17,Lapped,57,0.0,20
2025,24,Abu Dhabi Grand Prix,yas_marina,2025-12-07,lawson,LAW,rb,13,18,18,Lapped,57,0.0,16
2025,24,Abu Dhabi Grand Prix,yas_marina,2025-12-07,gasly,GAS,alpine,19,19,19,Lapped,57,0.0,8
2025,24,Abu Dhabi Grand Prix,yas_marina,2025-12-07,colapinto,COL,alpine,20,20,20,Lapped,57,0.0,7
2026,1,Australian Grand Prix,albert_park,2026-03-08,russell,RUS,mercedes,1,1,1,Finished,58,25.0,6
2026,1,Australian Grand Prix,albert_park,2026-03-08,antonelli,ANT,mercedes,2,2,2,Finished,58,18.0,3
2026,1,Australian Grand Prix,albert_park,2026-03-08,leclerc,LEC,ferrari,4,3,3,Finished,58,15.0,5
2026,1,Australian Grand Prix,albert_park,2026-03-08,hamilton,HAM,ferrari,7,4,4,Finished,58,12.0,4
2026,1,Australian Grand Prix,albert_park,2026-03-08,norris,NOR,mclaren,6,5,5,Finished,58,10.0,2
2026,1,Australian Grand Prix,albert_park,2026-03-08,max_verstappen,VER,red_bull,20,6,6,Finished,58,8.0,1
2026,1,Australian Grand Prix,albert_park,2026-03-08,bearman,BEA,haas,12,7,7,Lapped,57,6.0,11
2026,1,Australian Grand Prix,albert_park,2026-03-08,arvid_lindblad,LIN,rb,9,8,8,Lapped,57,4.0,12
2026,1,Australian Grand Prix,albert_park,2026-03-08,bortoleto,BOR,audi,10,9,9,Lapped,57,2.0,8
2026,1,Australian Grand Prix,albert_park,2026-03-08,gasly,GAS,alpine,14,10,10,Lapped,57,1.0,15
2026,1,Australian Grand Prix,albert_park,2026-03-08,ocon,OCO,haas,13,11,11,Lapped,57,0.0,14
2026,1,Australian Grand Prix,albert_park,2026-03-08,albon,ALB,williams,15,12,12,Lapped,57,0.0,13
2026,1,Australian Grand Prix,albert_park,2026-03-08,lawson,LAW,rb,8,13,13,Lapped,57,0.0,10
2026,1,Australian Grand Prix,albert_park,2026-03-08,colapinto,COL,alpine,16,14,14,Lapped,56,0.0,7
2026,1,Australian Grand Prix,albert_park,2026-03-08,sainz,SAI,williams,21,15,15,Lapped,56,0.0,9
2026,1,Australian Grand Prix,albert_park,2026-03-08,perez,PER,cadillac,18,16,16,Lapped,55,0.0,19
2026,1,Australian Grand Prix,albert_park,2026-03-08,stroll,STR,aston_martin,22,17,R,Lapped,43,0.0,17
2026,1,Australian Grand Prix,albert_park,2026-03-08,alonso,ALO,aston_martin,17,18,R,Retired,21,0.0,18
2026,1,Australian Grand Prix,albert_park,2026-03-08,bottas,BOT,cadillac,19,19,R,Retired,15,0.0,20
2026,1,Australian Grand Prix,albert_park,2026-03-08,hadjar,HAD,red_bull,3,20,R,Retired,10,0.0,16
2026,1,Australian Grand Prix,albert_park,2026-03-08,piastri,PIA,mclaren,5,21,W,Did not start,0,0.0,0
2026,1,Australian Grand Prix,albert_park,2026-03-08,hulkenberg,HUL,audi,11,22,W,Did not start,0,0.0,0
2026,2,Chinese Grand Prix,shanghai,2026-03-15,antonelli,ANT,mercedes,1,1,1,Finished,56,25.0,1
2026,2,Chinese Grand Prix,shanghai,2026-03-15,russell,RUS,mercedes,2,2,2,Finished,56,18.0,2
2026,2,Chinese Grand Prix,shanghai,2026-03-15,hamilton,HAM,ferrari,3,3,3,Finished,56,15.0,5
2026,2,Chinese Grand Prix,shanghai,2026-03-15,leclerc,LEC,ferrari,4,4,4,Finished,56,12.0,4
2026,2,Chinese Grand Prix,shanghai,2026-03-15,bearman,BEA,haas,10,5,5,Finished,56,10.0,8
2026,2,Chinese Grand Prix,shanghai,2026-03-15,gasly,GAS,alpine,7,6,6,Finished,56,8.0,9
2026,2,Chinese Grand Prix,shanghai,2026-03-15,lawson,LAW,rb,14,7,7,Finished,56,6.0,12
2026,2,Chinese Grand Prix,shanghai,2026-03-15,hadjar,HAD,red_bull,9,8,8,Finished,56,4.0,13
2026,2,Chinese Grand Prix,shanghai,2026-03-15,sainz,SAI,williams,17,9,9,Lapped,55,2.0,14
2026,2,Chinese Grand Prix,shanghai,2026-03-15,colapinto,COL,alpine,12,10,10,Lapped,55,1.0,10
2026,2,Chinese Grand Prix,shanghai,2026-03-15,hulkenberg,HUL,audi,11,11,11,Lapped,55,0.0,7
2026,2,Chinese Grand Prix,shanghai,2026-03-15,arvid_lindblad,LIN,rb,15,12,12,Lapped,55,0.0,6
2026,2,Chinese Grand Prix,shanghai,2026-03-15,bottas,BOT,cadillac,19,13,13,Lapped,55,0.0,15
2026,2,Chinese Grand Prix,shanghai,2026-03-15,ocon,OCO,haas,13,14,14,Lapped,55,0.0,3
2026,2,Chinese Grand Prix,shanghai,2026-03-15,perez,PER,cadillac,21,15,15,Lapped,55,0.0,16
2026,2,Chinese Grand Prix,shanghai,2026-03-15,max_verstappen,VER,red_bull,8,16,R,Retired,45,0.0,11
2026,2,Chinese Grand Prix,shanghai,2026-03-15,alonso,ALO,aston_martin,18,17,R,Retired,32,0.0,17
2026,2,Chinese Grand Prix,shanghai,2026-03-15,stroll,STR,aston_martin,20,18,R,Retired,9,0.0,18
2026,2,Chinese Grand Prix,shanghai,2026-03-15,piastri,PIA,mclaren,5,19,W,Did not start,0,0.0,0
2026,2,Chinese Grand Prix,shanghai,2026-03-15,norris,NOR,mclaren,6,20,W,Did not start,0,0.0,0
2026,2,Chinese Grand Prix,shanghai,2026-03-15,bortoleto,BOR,audi,16,21,W,Did not start,0,0.0,0
2026,2,Chinese Grand Prix,shanghai,2026-03-15,albon,ALB,williams,22,22,W,Did not start,0,0.0,0
2026,3,Japanese Grand Prix,suzuka,2026-03-29,antonelli,ANT,mercedes,1,1,1,Finished,53,25.0,1
2026,3,Japanese Grand Prix,suzuka,2026-03-29,piastri,PIA,mclaren,3,2,2,Finished,53,18.0,5
2026,3,Japanese Grand Prix,suzuka,2026-03-29,leclerc,LEC,ferrari,4,3,3,Finished,53,15.0,3
2026,3,Japanese Grand Prix,suzuka,2026-03-29,russell,RUS,mercedes,2,4,4,Finished,53,12.0,2
2026,3,Japanese Grand Prix,suzuka,2026-03-29,norris,NOR,mclaren,5,5,5,Finished,53,10.0,6
2026,3,Japanese Grand Prix,suzuka,2026-03-29,hamilton,HAM,ferrari,6,6,6,Finished,53,8.0,4
2026,3,Japanese Grand Prix,suzuka,2026-03-29,gasly,GAS,alpine,7,7,7,Finished,53,6.0,9
2026,3,Japanese Grand Prix,suzuka,2026-03-29,max_verstappen,VER,red_bull,11,8,8,Finished,53,4.0,8
2026,3,Japanese Grand Prix,suzuka,2026-03-29,lawson,LAW,rb,14,9,9,Finished,53,2.0,13
2026,3,Japanese Grand Prix,suzuka,2026-03-29,ocon,OCO,haas,12,10,10,Finished,53,1.0,14
2026,3,Japanese Grand Prix,suzuka,2026-03-29,hulkenberg,HUL,audi,13,11,11,Finished,53,0.0,10
2026,3,Japanese Grand Prix,suzuka,2026-03-29,hadjar,HAD,red_bull,8,12,12,Finished,53,0.0,11
2026,3,Japanese Grand Prix,suzuka,2026-03-29,bortoleto,BOR,audi,9,13,13,Finished,53,0.0,12
2026,3,Japanese Grand Prix,suzuka,2026-03-29,arvid_lindblad,LIN,rb,10,14,14,Finished,53,0.0,15
2026,3,Japanese Grand Prix,suzuka,2026-03-29,sainz,SAI,williams,16,15,15,Finished,53,0.0,17
2026,3,Japanese Grand Prix,suzuka,2026-03-29,colapinto,COL,alpine,15,16,16,Finished,53,0.0,16
2026,3,Japanese Grand Prix,suzuka,2026-03-29,perez,PER,cadillac,19,17,17,Finished,53,0.0,19
2026,3,Japanese Grand Prix,suzuka,2026-03-29,alonso,ALO,aston_martin,21,18,18,Lapped,52,0.0,20
2026,3,Japanese Grand Prix,suzuka,2026-03-29,bottas,BOT,cadillac,20,19,19,Lapped,52,0.0,21
2026,3,Japanese Grand Prix,suzuka,2026-03-29,albon,ALB,williams,17,20,20,Lapped,51,0.0,7
2026,3,Japanese Grand Prix,suzuka,2026-03-29,stroll,STR,aston_martin,22,21,R,Retired,30,0.0,22
2026,3,Japanese Grand Prix,suzuka,2026-03-29,bearman,BEA,haas,18,22,R,Retired,20,0.0,18
2026,4,Miami Grand Prix,miami,2026-05-03,antonelli,ANT,mercedes,1,1,1,Finished,57,25.0,3
2026,4,Miami Grand Prix,miami,2026-05-03,norris,NOR,mclaren,4,2,2,Finished,57,18.0,1
2026,4,Miami Grand Prix,miami,2026-05-03,piastri,PIA,mclaren,7,3,3,Finished,57,15.0,2
2026,4,Miami Grand Prix,miami,2026-05-03,russell,RUS,mercedes,5,4,4,Finished,57,12.0,4
2026,4,Miami Grand Prix,miami,2026-05-03,max_verstappen,VER,red_bull,2,5,5,Finished,57,10.0,9
2026,4,Miami Grand Prix,miami,2026-05-03,hamilton,HAM,ferrari,6,6,6,Finished,57,8.0,6
2026,4,Miami Grand Prix,miami,2026-05-03,colapinto,COL,alpine,8,7,7,Finished,57,6.0,8
2026,4,Miami Grand Prix,miami,2026-05-03,leclerc,LEC,ferrari,3,8,8,Finished,57,4.0,5
2026,4,Miami Grand Prix,miami,2026-05-03,sainz,SAI,williams,13,9,9,Finished,57,2.0,7
2026,4,Miami Grand Prix,miami,2026-05-03,albon,ALB,williams,15,10,10,Finished,57,1.0,13
2026,4,Miami Grand Prix,miami,2026-05-03,bearman,BEA,haas,12,11,11,Lapped,56,0.0,12
2026,4,Miami Grand Prix,miami,2026-05-03,bortoleto,BOR,audi,21,12,12,Lapped,56,0.0,10
2026,4,Miami Grand Prix,miami,2026-05-03,ocon,OCO,haas,14,13,13,Lapped,56,0.0,11
2026,4,Miami Grand Prix,miami,2026-05-03,arvid_lindblad,LIN,rb,16,14,14,Lapped,56,0.0,14
2026,4,Miami Grand Prix,miami,2026-05-03,alonso,ALO,aston_martin,17,15,15,Lapped,56,0.0,16
2026,4,Miami Grand Prix,miami,2026-05-03,perez,PER,cadillac,20,16,16,Lapped,56,0.0,21
2026,4,Miami Grand Prix,miami,2026-05-03,stroll,STR,aston_martin,18,17,17,Lapped,56,0.0,17
2026,4,Miami Grand Prix,miami,2026-05-03,bottas,BOT,cadillac,19,18,18,Lapped,55,0.0,22
2026,4,Miami Grand Prix,miami,2026-05-03,hulkenberg,HUL,audi,10,19,R,Retired,7,0.0,15
2026,4,Miami Grand Prix,miami,2026-05-03,lawson,LAW,rb,11,20,R,Retired,6,0.0,18
2026,4,Miami Grand Prix,miami,2026-05-03,gasly,GAS,alpine,9,21,R,Retired,4,0.0,20
2026,4,Miami Grand Prix,miami,2026-05-03,hadjar,HAD,red_bull,22,22,R,Retired,4,0.0,19
2026,5,Canadian Grand Prix,villeneuve,2026-05-24,antonelli,ANT,mercedes,2,1,1,Finished,68,25.0,1
2026,5,Canadian Grand Prix,villeneuve,2026-05-24,hamilton,HAM,ferrari,5,2,2,Finished,68,18.0,3
2026,5,Canadian Grand Prix,villeneuve,2026-05-24,max_verstappen,VER,red_bull,6,3,3,Finished,68,15.0,2
2026,5,Canadian Grand Prix,villeneuve,2026-05-24,leclerc,LEC,ferrari,8,4,4,Finished,68,12.0,5
2026,5,Canadian Grand Prix,villeneuve,2026-05-24,hadjar,HAD,red_bull,7,5,5,Lapped,67,10.0,4
2026,5,Canadian Grand Prix,villeneuve,2026-05-24,colapinto,COL,alpine,10,6,6,Lapped,67,8.0,8
2026,5,Canadian Grand Prix,villeneuve,2026-05-24,lawson,LAW,rb,12,7,7,Lapped,67,6.0,10
2026,5,Canadian Grand Prix,villeneuve,2026-05-24,gasly,GAS,alpine,14,8,8,Lapped,67,4.0,6
2026,5,Canadian Grand Prix,villeneuve,2026-05-24,sainz,SAI,williams,15,9,9,Lapped,67,2.0,12
2026,5,Canadian Grand Prix,villeneuve,2026-05-24,bearman,BEA,haas,16,10,10,Lapped,67,1.0,13
2026,5,Canadian Grand Prix,villeneuve,2026-05-24,piastri,PIA,mclaren,4,11,11,Lapped,66,0.0,7
2026,5,Canadian Grand Prix,villeneuve,2026-05-24,hulkenberg,HUL,audi,11,12,12,Lapped,66,0.0,15
2026,5,Canadian Grand Prix,villeneuve,2026-05-24,bortoleto,BOR,audi,13,13,13,Lapped,66,0.0,14
2026,5,Canadian Grand Prix,villeneuve,2026-05-24,ocon,OCO,haas,17,14,14,Lapped,66,0.0,16
2026,5,Canadian Grand Prix,villeneuve,2026-05-24,stroll,STR,aston_martin,22,15,15,Lapped,64,0.0,20
2026,5,Canadian Grand Prix,villeneuve,2026-05-24,bottas,BOT,cadillac,21,16,16,Lapped,64,0.0,19
2026,5,Canadian Grand Prix,villeneuve,2026-05-24,perez,PER,cadillac,20,17,R,Retired,39,0.0,17
2026,5,Canadian Grand Prix,villeneuve,2026-05-24,norris,NOR,mclaren,3,18,R,Retired,38,0.0,11
2026,5,Canadian Grand Prix,villeneuve,2026-05-24,russell,RUS,mercedes,1,19,R,Retired,29,0.0,9
2026,5,Canadian Grand Prix,villeneuve,2026-05-24,alonso,ALO,aston_martin,19,20,R,Retired,23,0.0,21
2026,5,Canadian Grand Prix,villeneuve,2026-05-24,albon,ALB,williams,18,21,R,Retired,11,0.0,18
2026,5,Canadian Grand Prix,villeneuve,2026-05-24,arvid_lindblad,LIN,rb,9,22,W,Did not start,0,0.0,0
2026,6,Monaco Grand Prix,monaco,2026-06-07,antonelli,ANT,mercedes,1,1,1,Finished,78,25.0,1
2026,6,Monaco Grand Prix,monaco,2026-06-07,hamilton,HAM,ferrari,3,2,2,Finished,78,18.0,2
2026,6,Monaco Grand Prix,monaco,2026-06-07,gasly,GAS,alpine,9,3,3,Finished,78,15.0,3
2026,6,Monaco Grand Prix,monaco,2026-06-07,hadjar,HAD,red_bull,5,4,4,Finished,78,12.0,4
2026,6,Monaco Grand Prix,monaco,2026-06-07,piastri,PIA,mclaren,7,5,5,Finished,78,10.0,7
2026,6,Monaco Grand Prix,monaco,2026-06-07,lawson,LAW,rb,10,6,6,Finished,78,8.0,5
2026,6,Monaco Grand Prix,monaco,2026-06-07,arvid_lindblad,LIN,rb,15,7,7,Finished,78,6.0,8
2026,6,Monaco Grand Prix,monaco,2026-06-07,albon,ALB,williams,11,8,8,Finished,78,4.0,12
2026,6,Monaco Grand Prix,monaco,2026-06-07,ocon,OCO,haas,17,9,9,Finished,78,2.0,15
2026,6,Monaco Grand Prix,monaco,2026-06-07,alonso,ALO,aston_martin,21,10,10,Finished,78,1.0,16
2026,6,Monaco Grand Prix,monaco,2026-06-07,bortoleto,BOR,audi,16,11,11,Finished,78,0.0,13
2026,6,Monaco Grand Prix,monaco,2026-06-07,russell,RUS,mercedes,6,12,12,Finished,78,0.0,6
2026,6,Monaco Grand Prix,monaco,2026-06-07,hulkenberg,HUL,audi,13,13,13,Finished,78,0.0,11
2026,6,Monaco Grand Prix,monaco,2026-06-07,colapinto,COL,alpine,14,14,14,Finished,78,0.0,10
2026,6,Monaco Grand Prix,monaco,2026-06-07,perez,PER,cadillac,18,15,15,Finished,78,0.0,14
2026,6,Monaco Grand Prix,monaco,2026-06-07,sainz,SAI,williams,12,16,16,Retired,70,0.0,18
2026,6,Monaco Grand Prix,monaco,2026-06-07,leclerc,LEC,ferrari,4,17,R,Retired,64,0.0,9
2026,6,Monaco Grand Prix,monaco,2026-06-07,stroll,STR,aston_martin,22,18,R,Retired,56,0.0,20
2026,6,Monaco Grand Prix,monaco,2026-06-07,norris,NOR,mclaren,8,19,R,Retired,43,0.0,17
2026,6,Monaco Grand Prix,monaco,2026-06-07,bearman,BEA,haas,19,20,R,Retired,27,0.0,19
2026,6,Monaco Grand Prix,monaco,2026-06-07,bottas,BOT,cadillac,20,21,R,Retired,15,0.0,21
2026,6,Monaco Grand Prix,monaco,2026-06-07,max_verstappen,VER,red_bull,2,22,R,Retired,0,0.0,0
2026,7,Barcelona Grand Prix,catalunya,2026-06-14,hamilton,HAM,ferrari,2,1,1,Finished,66,25.0,1
2026,7,Barcelona Grand Prix,catalunya,2026-06-14,russell,RUS,mercedes,1,2,2,Finished,66,18.0,6
2026,7,Barcelona Grand Prix,catalunya,2026-06-14,norris,NOR,mclaren,4,3,3,Finished,66,15.0,4
2026,7,Barcelona Grand Prix,catalunya,2026-06-14,max_verstappen,VER,red_bull,5,4,4,Finished,66,12.0,3
2026,7,Barcelona Grand Prix,catalunya,2026-06-14,piastri,PIA,mclaren,7,5,5,Finished,66,10.0,8
2026,7,Barcelona Grand Prix,catalunya,2026-06-14,hadjar,HAD,red_bull,6,6,6,Lapped,65,8.0,2
2026,7,Barcelona Grand Prix,catalunya,2026-06-14,gasly,GAS,alpine,14,7,7,Lapped,65,6.0,13
2026,7,Barcelona Grand Prix,catalunya,2026-06-14,lawson,LAW,rb,8,8,8,Lapped,65,4.0,17
2026,7,Barcelona Grand Prix,catalunya,2026-06-14,arvid_lindblad,LIN,rb,11,9,9,Lapped,65,2.0,12
2026,7,Barcelona Grand Prix,catalunya,2026-06-14,colapinto,COL,alpine,13,10,10,Lapped,65,1.0,16
2026,7,Barcelona Grand Prix,catalunya,2026-06-14,bortoleto,BOR,audi,12,11,11,Lapped,64,0.0,9
2026,7,Barcelona Grand Prix,catalunya,2026-06-14,sainz,SAI,williams,16,12,12,Lapped,64,0.0,14
2026,7,Barcelona Grand Prix,catalunya,2026-06-14,ocon,OCO,haas,17,13,13,Lapped,64,0.0,10
2026,7,Barcelona Grand Prix,catalunya,2026-06-14,perez,PER,cadillac,19,14,14,Lapped,63,0.0,18
2026,7,Barcelona Grand Prix,catalunya,2026-06-14,leclerc,LEC,ferrari,10,15,15,Retired,62,0.0,5
2026,7,Barcelona Grand Prix,catalunya,2026-06-14,antonelli,ANT,mercedes,3,16,16,Retired,61,0.0,7
2026,7,Barcelona Grand Prix,catalunya,2026-06-14,bearman,BEA,haas,15,17,17,Retired,60,0.0,15
2026,7,Barcelona Grand Prix,catalunya,2026-06-14,albon,ALB,williams,18,18,R,Lapped,55,0.0,11
2026,7,Barcelona Grand Prix,catalunya,2026-06-14,alonso,ALO,aston_martin,22,19,R,Retired,37,0.0,20
2026,7,Barcelona Grand Prix,catalunya,2026-06-14,hulkenberg,HUL,audi,9,20,R,Retired,29,0.0,19
2026,7,Barcelona Grand Prix,catalunya,2026-06-14,bottas,BOT,cadillac,20,21,R,Retired,15,0.0,21
2026,7,Barcelona Grand Prix,catalunya,2026-06-14,stroll,STR,aston_martin,21,22,R,Retired,5,0.0,22
2026,8,Austrian Grand Prix,red_bull_ring,2026-06-28,russell,RUS,mercedes,1,1,1,Finished,71,25.0,6
2026,8,Austrian Grand Prix,red_bull_ring,2026-06-28,max_verstappen,VER,red_bull,5,2,2,Finished,71,18.0,2
2026,8,Austrian Grand Prix,red_bull_ring,2026-06-28,antonelli,ANT,mercedes,4,3,3,Finished,71,15.0,1
2026,8,Austrian Grand Prix,red_bull_ring,2026-06-28,piastri,PIA,mclaren,7,4,4,Finished,71,12.0,3
2026,8,Austrian Grand Prix,red_bull_ring,2026-06-28,hamilton,HAM,ferrari,3,5,5,Finished,71,10.0,7
2026,8,Austrian Grand Prix,red_bull_ring,2026-06-28,hadjar,HAD,red_bull,8,6,6,Finished,71,8.0,8
2026,8,Austrian Grand Prix,red_bull_ring,2026-06-28,norris,NOR,mclaren,6,7,7,Finished,71,6.0,5
2026,8,Austrian Grand Prix,red_bull_ring,2026-06-28,leclerc,LEC,ferrari,2,8,8,Finished,71,4.0,4
2026,8,Austrian Grand Prix,red_bull_ring,2026-06-28,lawson,LAW,rb,9,9,9,Lapped,70,2.0,10
2026,8,Austrian Grand Prix,red_bull_ring,2026-06-28,arvid_lindblad,LIN,rb,10,10,10,Lapped,70,1.0,11
2026,8,Austrian Grand Prix,red_bull_ring,2026-06-28,bortoleto,BOR,audi,12,11,11,Lapped,70,0.0,14
2026,8,Austrian Grand Prix,red_bull_ring,2026-06-28,hulkenberg,HUL,audi,14,12,12,Lapped,70,0.0,12
2026,8,Austrian Grand Prix,red_bull_ring,2026-06-28,gasly,GAS,alpine,11,13,13,Lapped,70,0.0,9
2026,8,Austrian Grand Prix,red_bull_ring,2026-06-28,bearman,BEA,haas,13,14,14,Lapped,70,0.0,15
2026,8,Austrian Grand Prix,red_bull_ring,2026-06-28,colapinto,COL,alpine,16,15,15,Lapped,70,0.0,13
2026,8,Austrian Grand Prix,red_bull_ring,2026-06-28,ocon,OCO,haas,15,16,16,Lapped,69,0.0,17
2026,8,Austrian Grand Prix,red_bull_ring,2026-06-28,albon,ALB,williams,18,17,17,Lapped,69,0.0,18
2026,8,Austrian Grand Prix,red_bull_ring,2026-06-28,alonso,ALO,aston_martin,21,18,18,Lapped,68,0.0,16
2026,8,Austrian Grand Prix,red_bull_ring,2026-06-28,stroll,STR,aston_martin,22,19,R,Retired,45,0.0,20
2026,8,Austrian Grand Prix,red_bull_ring,2026-06-28,sainz,SAI,williams,17,20,R,Retired,23,0.0,19
2026,8,Austrian Grand Prix,red_bull_ring,2026-06-28,perez,PER,cadillac,19,21,R,Retired,4,0.0,21
2026,8,Austrian Grand Prix,red_bull_ring,2026-06-28,bottas,BOT,cadillac,20,22,R,Retired,2,0.0,0
2026,9,British Grand Prix,silverstone,2026-07-05,leclerc,LEC,ferrari,2,1,1,Finished,52,25.0,8
2026,9,British Grand Prix,silverstone,2026-07-05,russell,RUS,mercedes,4,2,2,Finished,52,18.0,5
2026,9,British Grand Prix,silverstone,2026-07-05,hamilton,HAM,ferrari,3,3,3,Finished,52,15.0,4
2026,9,British Grand Prix,silverstone,2026-07-05,norris,NOR,mclaren,6,4,4,Finished,52,12.0,6
2026,9,British Grand Prix,silverstone,2026-07-05,hadjar,HAD,red_bull,5,5,5,Finished,52,10.0,3
2026,9,British Grand Prix,silverstone,2026-07-05,lawson,LAW,rb,10,6,6,Finished,52,8.0,12
2026,9,British Grand Prix,silverstone,2026-07-05,arvid_lindblad,LIN,rb,9,7,7,Finished,52,6.0,11
2026,9,British Grand Prix,silverstone,2026-07-05,bortoleto,BOR,audi,11,8,8,Finished,52,4.0,13
2026,9,British Grand Prix,silverstone,2026-07-05,colapinto,COL,alpine,19,9,9,Finished,52,2.0,16
2026,9,British Grand Prix,silverstone,2026-07-05,gasly,GAS,alpine,15,10,10,Finished,52,1.0,15
2026,9,British Grand Prix,silverstone,2026-07-05,piastri,PIA,mclaren,8,11,11,Finished,52,0.0,9
2026,9,British Grand Prix,silverstone,2026-07-05,bearman,BEA,haas,13,12,12,Finished,52,0.0,17
2026,9,British Grand Prix,silverstone,2026-07-05,ocon,OCO,haas,17,13,13,Finished,52,0.0,18
2026,9,British Grand Prix,silverstone,2026-07-05,perez,PER,cadillac,20,14,14,Finished,52,0.0,19
2026,9,British Grand Prix,silverstone,2026-07-05,antonelli,ANT,mercedes,1,15,15,Finished,52,0.0,1
2026,9,British Grand Prix,silverstone,2026-07-05,bottas,BOT,cadillac,18,16,16,Finished,52,0.0,21
2026,9,British Grand Prix,silverstone,2026-07-05,sainz,SAI,williams,14,17,17,Lapped,51,0.0,7
2026,9,British Grand Prix,silverstone,2026-07-05,alonso,ALO,aston_martin,21,18,18,Lapped,51,0.0,20
2026,9,British Grand Prix,silverstone,2026-07-05,stroll,STR,aston_martin,22,19,19,Lapped,51,0.0,22
2026,9,British Grand Prix,silverstone,2026-07-05,max_verstappen,VER,red_bull,7,20,20,Retired,46,0.0,2
2026,9,British Grand Prix,silverstone,2026-07-05,albon,ALB,williams,16,21,R,Retired,43,0.0,14
2026,9,British Grand Prix,silverstone,2026-07-05,hulkenberg,HUL,audi,12,22,R,Retired,36,0.0,10
